f__objectid,발생년,발생월,발생일,발생시,발생날짜,발생분,주야,요일,dead,cnt,중상자수,경상자수,부상신고자수,발생지시도,발생지시군구,사고유형_대분류,col1,사고유형_중분류,acc,acc1,법규위반_대분류,law,law1,도로형태_대분류,도로형태,당사자종별_1당_대분류,당사자종별_1당,당사자종별_2당_대분류,당사자종별_2당,경도,위도,x,y
205,2017,3,1,5,2017년 3월 1일 수요일,15,야간,수,1,1,0,0,0,서울,강동구,차대사람,0,보도통행중,보도통행중,보도통행중,운전자법규위반,"""과속""","""과속""",교차로,교차로횡단보도내,승용차,승용차,보행자,보행자,127.1290844,37.53707988,127.1290849,37.53708305
156,2017,2,12,6,2017년 2월 12일 일요일,29,주간,일,1,1,0,0,0,서울,서초구,차대사람,0,차도통행중,차도통행중,차도통행중,운전자법규위반,"""과속""","""과속""",단일로,기타단일로,승용차,승용차,보행자,보행자,127.0191664,37.51596404,127.0191671,37.51596668
374,2017,5,1,0,2017년 5월 1일 월요일,30,야간,월,1,3,1,1,0,서울,구로구,차대사람,0,차도통행중,차도통행중,차도통행중,운전자법규위반,"""과속""","""과속""",단일로,기타단일로,이륜차,이륜차,보행자,보행자,126.8954147,37.47838583,126.8954152,37.47838557
467,2017,6,2,3,2017년 6월 2일 금요일,45,야간,금,1,2,1,0,0,서울,용산구,차대사람,0,차도통행중,차도통행중,차도통행중,운전자법규위반,"""과속""","""과속""",단일로,기타단일로,승용차,승용차,보행자,보행자,126.9616659,37.52153781,126.9616659,37.52153845
1158,2017,12,17,2,2017년 12월 17일 일요일,28,야간,일,1,3,0,2,0,서울,서초구,차대사람,0,차도통행중,차도통행중,차도통행중,운전자법규위반,"""과속""","""과속""",단일로,기타단일로,승용차,승용차,보행자,보행자,127.040653,37.46273408,127.0406548,37.46273605
155,2017,2,12,2,2017년 2월 12일 일요일,40,야간,일,1,1,0,0,0,서울,광진구,차대사람,0,횡단중,11,횡단중,운전자법규위반,"""과속""","""과속""",교차로,교차로내,승용차,승용차,보행자,보행자,127.087259,37.56221774,127.0872594,37.56221685
203,2017,3,1,1,2017년 3월 1일 수요일,15,야간,수,1,3,2,0,0,서울,강남구,차대사람,0,횡단중,11,횡단중,운전자법규위반,"""과속""","""과속""",단일로,기타단일로,승용차,승용차,보행자,보행자,127.0341228,37.50007897,127.034124,37.50007559
311,2017,4,7,23,2017년 4월 7일 금요일,35,야간,금,1,1,0,0,0,서울,마포구,차대사람,0,횡단중,11,횡단중,운전자법규위반,"""과속""","""과속""",단일로,기타단일로,승용차,승용차,보행자,보행자,126.9479643,37.54097168,126.9479666,37.54097226
314,2017,4,9,2,2017년 4월 9일 일요일,27,야간,일,1,1,0,0,0,서울,강동구,차대사람,0,횡단중,11,횡단중,운전자법규위반,"""과속""","""과속""",기타,기타,승용차,승용차,보행자,보행자,127.1373057,37.53421477,127.1373045,37.53421232
598,2017,7,11,23,2017년 7월 11일 화요일,37,야간,화,1,1,0,0,0,서울,영등포구,차대사람,0,횡단중,11,횡단중,운전자법규위반,"""과속""","""과속""",단일로,기타단일로,이륜차,이륜차,보행자,보행자,126.8966979,37.52133287,126.8966998,37.52133183
946,2017,10,17,0,2017년 10월 17일 화요일,17,야간,화,1,1,0,0,0,서울,마포구,차대사람,0,횡단중,11,횡단중,운전자법규위반,"""과속""","""과속""",단일로,기타단일로,승용차,승용차,보행자,보행자,126.9079127,37.56425772,126.9079107,37.56426051
977,2017,10,24,0,2017년 10월 24일 화요일,20,야간,화,1,1,0,0,0,서울,강남구,차대사람,0,횡단중,11,횡단중,운전자법규위반,"""과속""","""과속""",단일로,기타단일로,승용차,승용차,보행자,보행자,127.0459612,37.4955732,127.0459638,37.49557132
1111,2017,12,3,4,2017년 12월 3일 일요일,12,야간,일,1,2,1,0,0,서울,용산구,차대사람,0,횡단중,11,횡단중,운전자법규위반,"""과속""","""과속""",단일로,기타단일로,승용차,승용차,보행자,보행자,126.9896417,37.51955374,126.9896395,37.51955062
1191,2017,12,27,22,2017년 12월 27일 수요일,24,야간,수,1,1,0,0,0,서울,송파구,차대사람,0,횡단중,11,횡단중,운전자법규위반,"""과속""","""과속""",단일로,기타단일로,승용차,승용차,보행자,보행자,127.0740522,37.51125332,127.0740541,37.51125672
4,2017,1,2,4,2017년 1월 2일 월요일,30,야간,월,1,1,0,0,0,서울,은평구,차대사람,0,횡단중,11,횡단중,운전자법규위반,"""보행자 보호의무 위반""","""보행자 보호의무 위반""",교차로,교차로내,승용차,승용차,보행자,보행자,126.915444,37.61909675,126.9154476,37.619098
81,2017,1,20,10,2017년 1월 20일 금요일,26,주간,금,1,1,0,0,0,서울,영등포구,차대사람,0,횡단중,11,횡단중,운전자법규위반,"""보행자 보호의무 위반""","""보행자 보호의무 위반""",교차로,교차로내,승용차,승용차,보행자,보행자,126.898331,37.50538728,126.8983347,37.50538488
186,2017,2,23,12,2017년 2월 23일 목요일,59,주간,목,1,1,0,0,0,서울,은평구,차대사람,0,횡단중,11,횡단중,운전자법규위반,"""보행자 보호의무 위반""","""보행자 보호의무 위반""",교차로,교차로횡단보도내,승합차,승합차,보행자,보행자,126.9188359,37.63462549,126.9188342,37.63462225
207,2017,3,2,12,2017년 3월 2일 목요일,53,주간,목,1,2,0,1,0,서울,강동구,차대사람,0,횡단중,11,횡단중,운전자법규위반,"""보행자 보호의무 위반""","""보행자 보호의무 위반""",단일로,기타단일로,자전거,자전거,보행자,보행자,127.1332227,37.53590572,127.1332262,37.5359077
628,2017,7,18,12,2017년 7월 18일 화요일,13,주간,화,1,2,1,0,0,서울,서초구,차대사람,0,횡단중,11,횡단중,운전자법규위반,"""보행자 보호의무 위반""","""보행자 보호의무 위반""",단일로,기타단일로,승용차,승용차,보행자,보행자,126.9947765,37.50150363,126.9947778,37.50150094
737,2017,8,21,9,2017년 8월 21일 월요일,10,주간,월,1,1,0,0,0,서울,성북구,차대사람,0,횡단중,11,횡단중,운전자법규위반,"""보행자 보호의무 위반""","""보행자 보호의무 위반""",단일로,기타단일로,승용차,승용차,보행자,보행자,127.0374663,37.61265275,127.0374658,37.61265114
767,2017,8,30,13,2017년 8월 30일 수요일,58,주간,수,1,1,0,0,0,서울,동대문구,차대사람,0,횡단중,11,횡단중,운전자법규위반,"""보행자 보호의무 위반""","""보행자 보호의무 위반""",단일로,기타단일로,건설기계,건설기계,보행자,보행자,127.0447733,37.57751069,127.0447691,37.57751091
904,2017,10,2,5,2017년 10월 2일 월요일,2,야간,월,1,1,0,0,0,서울,서대문구,차대사람,0,횡단중,11,횡단중,운전자법규위반,"""보행자 보호의무 위반""","""보행자 보호의무 위반""",단일로,기타단일로,승합차,승합차,보행자,보행자,126.9376194,37.58900965,126.937618,37.58900787
930,2017,10,13,17,2017년 10월 13일 금요일,0,주간,금,1,1,0,0,0,서울,양천구,차대사람,0,횡단중,11,횡단중,운전자법규위반,"""보행자 보호의무 위반""","""보행자 보호의무 위반""",단일로,기타단일로,승용차,승용차,보행자,보행자,126.871196,37.51527798,126.8711966,37.51527553
995,2017,10,30,15,2017년 10월 30일 월요일,34,주간,월,1,1,0,0,0,서울,은평구,차대사람,0,횡단중,11,횡단중,운전자법규위반,"""보행자 보호의무 위반""","""보행자 보호의무 위반""",교차로,교차로내,승용차,승용차,보행자,보행자,126.9351456,37.63755292,126.9351476,37.63755314
998,2017,10,31,4,2017년 10월 31일 화요일,53,야간,화,1,1,0,0,0,서울,동작구,차대사람,0,횡단중,11,횡단중,운전자법규위반,"""보행자 보호의무 위반""","""보행자 보호의무 위반""",교차로,교차로부근,화물차,화물차,보행자,보행자,126.9427228,37.49539269,126.9427204,37.49539313
1107,2017,12,1,5,2017년 12월 1일 금요일,24,야간,금,1,1,0,0,0,서울,강서구,차대사람,0,횡단중,11,횡단중,운전자법규위반,"""보행자 보호의무 위반""","""보행자 보호의무 위반""",교차로,교차로횡단보도내,화물차,화물차,보행자,보행자,126.8339845,37.54011342,126.8339884,37.54011038
1084,2017,11,24,6,2017년 11월 24일 금요일,3,주간,금,1,2,0,1,0,서울,구로구,차대사람,0,기타,기타,기타,운전자법규위반,0,"""신호위반""",교차로,교차로내,화물차,화물차,보행자,보행자,126.839599,37.4874521,126.8396028,37.48745295
890,2017,9,29,5,2017년 9월 29일 금요일,10,야간,금,1,1,0,0,0,서울,강남구,차대사람,0,보도통행중,보도통행중,보도통행중,운전자법규위반,0,"""신호위반""",교차로,교차로부근,승용차,승용차,보행자,보행자,127.0350569,37.5154508,127.0350583,37.51545366
150,2017,2,11,2,2017년 2월 11일 토요일,40,야간,토,1,1,0,0,0,서울,종로구,차대사람,0,차도통행중,차도통행중,차도통행중,운전자법규위반,0,"""신호위반""",교차로,교차로내,승용차,승용차,보행자,보행자,126.977166,37.57053361,126.9771619,37.57053356
48,2017,1,13,6,2017년 1월 13일 금요일,30,주간,금,1,1,0,0,0,서울,동작구,차대사람,0,횡단중,11,횡단중,운전자법규위반,0,"""신호위반""",교차로,교차로내,승합차,승합차,보행자,보행자,126.9316479,37.51327688,126.9316442,37.5132804
54,2017,1,15,9,2017년 1월 15일 일요일,35,주간,일,1,1,0,0,0,서울,양천구,차대사람,0,횡단중,11,횡단중,운전자법규위반,0,"""신호위반""",단일로,기타단일로,승용차,승용차,보행자,보행자,126.8628733,37.5465552,126.8628692,37.54655641
185,2017,2,23,4,2017년 2월 23일 목요일,59,야간,목,1,1,0,0,0,서울,송파구,차대사람,0,횡단중,11,횡단중,운전자법규위반,0,"""신호위반""",교차로,교차로내,승용차,승용차,보행자,보행자,127.1455584,37.49562557,127.14556,37.49562833
294,2017,4,2,5,2017년 4월 2일 일요일,40,야간,일,1,1,0,0,0,서울,서초구,차대사람,0,횡단중,11,횡단중,운전자법규위반,0,"""신호위반""",교차로,교차로부근,승용차,승용차,보행자,보행자,127.0399386,37.46859918,127.0399361,37.46859698
533,2017,6,23,19,2017년 6월 23일 금요일,45,야간,금,1,1,0,0,0,서울,강동구,차대사람,0,횡단중,11,횡단중,운전자법규위반,0,"""신호위반""",교차로,교차로내,화물차,화물차,보행자,보행자,127.135058,37.55182032,127.1350587,37.55181965
716,2017,8,15,12,2017년 8월 15일 화요일,55,주간,화,1,1,0,0,0,서울,금천구,차대사람,0,횡단중,11,횡단중,운전자법규위반,0,"""신호위반""",교차로,교차로내,승용차,승용차,보행자,보행자,126.903005,37.44836408,126.9030059,37.44836697
866,2017,9,25,11,2017년 9월 25일 월요일,56,주간,월,1,1,0,0,0,서울,종로구,차대사람,0,횡단중,11,횡단중,운전자법규위반,0,"""신호위반""",교차로,교차로부근,건설기계,건설기계,보행자,보행자,126.9903456,37.57740542,126.9903491,37.57740412
928,2017,10,13,10,2017년 10월 13일 금요일,40,주간,금,1,1,0,0,0,서울,동대문구,차대사람,0,횡단중,11,횡단중,운전자법규위반,0,"""신호위반""",기타,기타,화물차,화물차,보행자,보행자,127.065261,37.59105404,127.0652596,37.5910508
1122,2017,12,7,14,2017년 12월 7일 목요일,24,주간,목,1,1,0,0,0,서울,송파구,차대사람,0,횡단중,11,횡단중,운전자법규위반,0,"""신호위반""",교차로,교차로횡단보도내,건설기계,건설기계,보행자,보행자,127.1122986,37.51755935,127.1122954,37.51756273
1188,2017,12,27,18,2017년 12월 27일 수요일,0,야간,수,1,1,0,0,0,서울,은평구,차대사람,0,횡단중,11,횡단중,운전자법규위반,0,"""신호위반""",단일로,기타단일로,화물차,화물차,보행자,보행자,126.9159353,37.59104953,126.9159327,37.5910508
91,2017,1,22,4,2017년 1월 22일 일요일,50,야간,일,1,1,0,0,0,서울,종로구,차대사람,0,차도통행중,차도통행중,차도통행중,운전자법규위반,"""안전거리 미확보""","""안전거리 미확보""",단일로,기타단일로,승용차,승용차,보행자,보행자,127.004238,37.57110108,127.0042371,37.57110317
2,2017,1,1,4,2017년 1월 1일 일요일,37,야간,일,1,1,0,0,0,서울,금천구,차대사람,0,기타,기타,기타,운전자법규위반,"""안전운전 의무 불이행""","""안전운전 의무 불이행""",단일로,기타단일로,승용차,승용차,보행자,보행자,126.8980936,37.47294629,126.8980921,37.47294604
162,2017,2,13,23,2017년 2월 13일 월요일,24,야간,월,1,1,0,0,0,서울,관악구,차대사람,0,기타,기타,기타,운전자법규위반,"""안전운전 의무 불이행""","""안전운전 의무 불이행""",단일로,기타단일로,승용차,승용차,보행자,보행자,126.909903,37.48125328,126.909905,37.48125132
173,2017,2,18,10,2017년 2월 18일 토요일,10,주간,토,1,1,0,0,0,서울,동작구,차대사람,0,기타,기타,기타,운전자법규위반,"""안전운전 의무 불이행""","""안전운전 의무 불이행""",단일로,기타단일로,건설기계,건설기계,보행자,보행자,126.9488544,37.50307397,126.9488559,37.50307592
180,2017,2,20,19,2017년 2월 20일 월요일,10,야간,월,1,1,0,0,0,서울,강북구,차대사람,0,기타,기타,기타,운전자법규위반,"""안전운전 의무 불이행""","""안전운전 의무 불이행""",교차로,교차로내,화물차,화물차,보행자,보행자,127.0331808,37.64025292,127.0331808,37.64025628
345,2017,4,20,2,2017년 4월 20일 목요일,40,야간,목,1,1,0,0,0,서울,송파구,차대사람,0,기타,기타,기타,운전자법규위반,"""안전운전 의무 불이행""","""안전운전 의무 불이행""",단일로,기타단일로,화물차,화물차,보행자,보행자,127.1067604,37.50548987,127.1067618,37.50549177
359,2017,4,26,4,2017년 4월 26일 수요일,45,야간,수,1,1,0,0,0,서울,종로구,차대사람,0,기타,기타,기타,운전자법규위반,"""안전운전 의무 불이행""","""안전운전 의무 불이행""",단일로,기타단일로,승용차,승용차,보행자,보행자,126.9999369,37.57079451,126.9999341,37.570797
382,2017,5,4,14,2017년 5월 4일 목요일,25,주간,목,1,1,0,0,0,서울,양천구,차대사람,0,기타,기타,기타,운전자법규위반,"""안전운전 의무 불이행""","""안전운전 의무 불이행""",단일로,기타단일로,화물차,화물차,보행자,보행자,126.8447146,37.5181896,126.8447142,37.51818974
394,2017,5,7,10,2017년 5월 7일 일요일,40,주간,일,1,1,0,0,0,서울,성동구,차대사람,0,기타,기타,기타,운전자법규위반,"""안전운전 의무 불이행""","""안전운전 의무 불이행""",교차로,교차로내,승용차,승용차,보행자,보행자,127.0240322,37.56581051,127.0240359,37.5658128
461,2017,5,31,9,2017년 5월 31일 수요일,58,주간,수,1,1,0,0,0,서울,양천구,차대사람,0,기타,기타,기타,운전자법규위반,"""안전운전 의무 불이행""","""안전운전 의무 불이행""",교차로,교차로내,승합차,승합차,보행자,보행자,126.8554585,37.51366086,126.8554581,37.51365805
507,2017,6,16,0,2017년 6월 16일 금요일,52,야간,금,1,1,0,0,0,서울,구로구,차대사람,0,기타,기타,기타,운전자법규위반,"""안전운전 의무 불이행""","""안전운전 의무 불이행""",단일로,기타단일로,승용차,승용차,보행자,보행자,126.8587701,37.50617965,126.8587729,37.50618302
512,2017,6,16,14,2017년 6월 16일 금요일,53,주간,금,1,1,0,0,0,서울,용산구,차대사람,0,기타,기타,기타,운전자법규위반,"""안전운전 의무 불이행""","""안전운전 의무 불이행""",단일로,기타단일로,승용차,승용차,보행자,보행자,127.0068415,37.53001942,127.0068422,37.53001643
620,2017,7,15,11,2017년 7월 15일 토요일,9,주간,토,1,1,0,0,0,서울,양천구,차대사람,0,기타,기타,기타,운전자법규위반,"""안전운전 의무 불이행""","""안전운전 의무 불이행""",교차로,교차로내,화물차,화물차,보행자,보행자,126.8640299,37.54365911,126.864028,37.54365754
642,2017,7,22,3,2017년 7월 22일 토요일,27,야간,토,1,2,0,1,0,서울,용산구,차대사람,0,기타,기타,기타,운전자법규위반,"""안전운전 의무 불이행""","""안전운전 의무 불이행""",단일로,기타단일로,승용차,승용차,보행자,보행자,126.9864516,37.53754894,126.9864504,37.53754606
656,2017,7,25,21,2017년 7월 25일 화요일,35,야간,화,1,1,0,0,0,서울,강서구,차대사람,0,기타,기타,기타,운전자법규위반,"""안전운전 의무 불이행""","""안전운전 의무 불이행""",단일로,기타단일로,자전거,자전거,보행자,보행자,126.8701886,37.55837502,126.8701905,37.55837148
658,2017,7,26,4,2017년 7월 26일 수요일,47,야간,수,1,1,0,0,0,서울,성북구,차대사람,0,기타,기타,기타,운전자법규위반,"""안전운전 의무 불이행""","""안전운전 의무 불이행""",단일로,기타단일로,승용차,승용차,보행자,보행자,127.0220528,37.60090993,127.0220507,37.60090873
666,2017,7,29,5,2017년 7월 29일 토요일,4,야간,토,1,1,0,0,0,서울,종로구,차대사람,0,기타,기타,기타,운전자법규위반,"""안전운전 의무 불이행""","""안전운전 의무 불이행""",단일로,기타단일로,승용차,승용차,보행자,보행자,127.0106596,37.57097464,127.01066,37.57097501
749,2017,8,24,4,2017년 8월 24일 목요일,35,야간,목,1,1,0,0,0,서울,동대문구,차대사람,0,기타,기타,기타,운전자법규위반,"""안전운전 의무 불이행""","""안전운전 의무 불이행""",단일로,기타단일로,화물차,화물차,보행자,보행자,127.0699146,37.59137755,127.0699129,37.59137823
762,2017,8,28,8,2017년 8월 28일 월요일,50,주간,월,1,1,0,0,0,서울,동대문구,차대사람,0,기타,기타,기타,운전자법규위반,"""안전운전 의무 불이행""","""안전운전 의무 불이행""",교차로,교차로부근,승합차,승합차,보행자,보행자,127.0687851,37.57903399,127.068781,37.57903445
766,2017,8,30,5,2017년 8월 30일 수요일,23,야간,수,1,1,0,0,0,서울,양천구,차대사람,0,기타,기타,기타,운전자법규위반,"""안전운전 의무 불이행""","""안전운전 의무 불이행""",단일로,기타단일로,화물차,화물차,보행자,보행자,126.8635575,37.52599016,126.8635609,37.52599129
786,2017,9,3,9,2017년 9월 3일 일요일,24,주간,일,1,1,0,0,0,서울,성북구,차대사람,0,기타,기타,기타,운전자법규위반,"""안전운전 의무 불이행""","""안전운전 의무 불이행""",단일로,기타단일로,승용차,승용차,보행자,보행자,127.0221007,37.58632638,127.0221046,37.58632422
799,2017,9,7,20,2017년 9월 7일 목요일,25,야간,목,1,1,0,0,0,서울,강동구,차대사람,0,기타,기타,기타,운전자법규위반,"""안전운전 의무 불이행""","""안전운전 의무 불이행""",단일로,기타단일로,승합차,승합차,보행자,보행자,127.1630806,37.55630222,127.1630772,37.55629917
810,2017,9,11,16,2017년 9월 11일 월요일,45,주간,월,1,1,0,0,0,서울,송파구,차대사람,0,기타,기타,기타,운전자법규위반,"""안전운전 의무 불이행""","""안전운전 의무 불이행""",단일로,기타단일로,승용차,승용차,보행자,보행자,127.1208479,37.53878703,127.1208474,37.5387855
841,2017,9,19,19,2017년 9월 19일 화요일,30,야간,화,1,1,0,0,0,서울,구로구,차대사람,0,기타,기타,기타,운전자법규위반,"""안전운전 의무 불이행""","""안전운전 의무 불이행""",단일로,기타단일로,승용차,승용차,보행자,보행자,126.8480449,37.50284723,126.848047,37.50284787
855,2017,9,22,22,2017년 9월 22일 금요일,3,야간,금,1,1,0,0,0,서울,관악구,차대사람,0,기타,기타,기타,운전자법규위반,"""안전운전 의무 불이행""","""안전운전 의무 불이행""",주차장,주차장,승용차,승용차,보행자,보행자,126.9260529,37.46369324,126.9260567,37.46369151
859,2017,9,23,10,2017년 9월 23일 토요일,42,주간,토,1,5,2,2,0,서울,금천구,차대사람,0,기타,기타,기타,운전자법규위반,"""안전운전 의무 불이행""","""안전운전 의무 불이행""",교차로,교차로내,승용차,승용차,보행자,보행자,126.9004481,37.46559416,126.9004457,37.46559527
863,2017,9,24,3,2017년 9월 24일 일요일,23,야간,일,2,3,1,0,0,서울,송파구,차대사람,0,기타,기타,기타,운전자법규위반,"""안전운전 의무 불이행""","""안전운전 의무 불이행""",단일로,기타단일로,승용차,승용차,보행자,보행자,127.113519,37.52665805,127.1135171,37.52666098
864,2017,9,24,11,2017년 9월 24일 일요일,7,주간,일,1,1,0,0,0,서울,노원구,차대사람,0,기타,기타,기타,운전자법규위반,"""안전운전 의무 불이행""","""안전운전 의무 불이행""",교차로,교차로내,승용차,승용차,보행자,보행자,127.0904084,37.62391687,127.0904125,37.62391499
865,2017,9,25,0,2017년 9월 25일 월요일,48,야간,월,1,1,0,0,0,서울,송파구,차대사람,0,기타,기타,기타,운전자법규위반,"""안전운전 의무 불이행""","""안전운전 의무 불이행""",단일로,기타단일로,승용차,승용차,보행자,보행자,127.0992657,37.52118438,127.0992699,37.52118221
878,2017,9,26,23,2017년 9월 26일 화요일,35,야간,화,1,2,1,0,0,서울,영등포구,차대사람,0,기타,기타,기타,운전자법규위반,"""안전운전 의무 불이행""","""안전운전 의무 불이행""",단일로,기타단일로,건설기계,건설기계,보행자,보행자,126.9188344,37.52991657,126.9188342,37.5299167
889,2017,9,29,1,2017년 9월 29일 금요일,50,야간,금,1,1,0,0,0,서울,강남구,차대사람,0,기타,기타,기타,운전자법규위반,"""안전운전 의무 불이행""","""안전운전 의무 불이행""",단일로,기타단일로,승용차,승용차,보행자,보행자,127.0248908,37.50368368,127.0248893,37.50368167
938,2017,10,15,9,2017년 10월 15일 일요일,5,주간,일,1,2,1,0,0,서울,영등포구,차대사람,0,기타,기타,기타,운전자법규위반,"""안전운전 의무 불이행""","""안전운전 의무 불이행""",단일로,기타단일로,승용차,승용차,보행자,보행자,126.8998546,37.52706351,126.8998528,37.52706706
939,2017,10,15,11,2017년 10월 15일 일요일,30,주간,일,1,1,0,0,0,서울,동대문구,차대사람,0,기타,기타,기타,운전자법규위반,"""안전운전 의무 불이행""","""안전운전 의무 불이행""",단일로,기타단일로,승용차,승용차,보행자,보행자,127.0453264,37.57968507,127.045326,37.5796823
974,2017,10,23,0,2017년 10월 23일 월요일,32,야간,월,1,1,0,0,0,서울,동작구,차대사람,0,기타,기타,기타,운전자법규위반,"""안전운전 의무 불이행""","""안전운전 의무 불이행""",단일로,기타단일로,승용차,승용차,보행자,보행자,126.9273595,37.51030874,126.9273593,37.51030899
982,2017,10,25,0,2017년 10월 25일 수요일,4,야간,수,1,6,3,1,1,서울,서대문구,차대사람,0,기타,기타,기타,운전자법규위반,"""안전운전 의무 불이행""","""안전운전 의무 불이행""",교차로,교차로내,화물차,화물차,보행자,보행자,126.967258,37.56171471,126.9672624,37.56171126
1063,2017,11,21,1,2017년 11월 21일 화요일,48,야간,화,1,1,0,0,0,서울,용산구,차대사람,0,기타,기타,기타,운전자법규위반,"""안전운전 의무 불이행""","""안전운전 의무 불이행""",단일로,기타단일로,승용차,승용차,보행자,보행자,126.9706443,37.5319809,126.9706401,37.53198261
1113,2017,12,4,4,2017년 12월 4일 월요일,40,야간,월,1,1,0,0,0,서울,종로구,차대사람,0,기타,기타,기타,운전자법규위반,"""안전운전 의무 불이행""","""안전운전 의무 불이행""",단일로,기타단일로,승용차,승용차,보행자,보행자,127.0170316,37.57326326,127.0170291,37.5732605
1115,2017,12,4,13,2017년 12월 4일 월요일,3,주간,월,1,1,0,0,0,서울,동대문구,차대사람,0,기타,기타,기타,운전자법규위반,"""안전운전 의무 불이행""","""안전운전 의무 불이행""",단일로,기타단일로,화물차,화물차,보행자,보행자,127.0628502,37.60234801,127.0628521,37.60234639
1117,2017,12,4,17,2017년 12월 4일 월요일,45,주간,월,1,1,0,0,0,서울,강동구,차대사람,0,기타,기타,기타,운전자법규위반,"""안전운전 의무 불이행""","""안전운전 의무 불이행""",단일로,기타단일로,화물차,화물차,보행자,보행자,127.1551605,37.55517069,127.155163,37.55517397
1123,2017,12,7,17,2017년 12월 7일 목요일,52,주간,목,1,1,0,0,0,서울,강동구,차대사람,0,기타,기타,기타,운전자법규위반,"""안전운전 의무 불이행""","""안전운전 의무 불이행""",단일로,기타단일로,승용차,승용차,보행자,보행자,127.1413004,37.55798669,127.141302,37.55798693
1160,2017,12,18,10,2017년 12월 18일 월요일,7,주간,월,1,2,1,0,0,서울,관악구,차대사람,0,기타,기타,기타,운전자법규위반,"""안전운전 의무 불이행""","""안전운전 의무 불이행""",단일로,기타단일로,승용차,승용차,보행자,보행자,126.9520885,37.48782003,126.9520899,37.48781648
1194,2017,12,28,23,2017년 12월 28일 목요일,45,야간,목,1,1,0,0,0,서울,동대문구,차대사람,0,기타,기타,기타,운전자법규위반,"""안전운전 의무 불이행""","""안전운전 의무 불이행""",단일로,기타단일로,화물차,화물차,보행자,보행자,127.0233629,37.57490241,127.0233622,37.57490516
657,2017,7,26,4,2017년 7월 26일 수요일,29,야간,수,1,1,0,0,0,서울,영등포구,차대사람,0,길가장자리구역통행중,길가장자리구역통행중,길가장자리구역통행중,운전자법규위반,"""안전운전 의무 불이행""","""안전운전 의무 불이행""",단일로,기타단일로,화물차,화물차,보행자,보행자,126.9011139,37.53516402,126.9011105,37.53516687
478,2017,6,5,16,2017년 6월 5일 월요일,5,주간,월,1,1,0,0,0,서울,강동구,차대사람,0,보도통행중,보도통행중,보도통행중,운전자법규위반,"""안전운전 의무 불이행""","""안전운전 의무 불이행""",단일로,기타단일로,화물차,화물차,보행자,보행자,127.1648634,37.55766834,127.1648648,37.55766647
735,2017,8,21,4,2017년 8월 21일 월요일,45,야간,월,1,1,0,0,0,서울,동대문구,차대사람,0,보도통행중,보도통행중,보도통행중,운전자법규위반,"""안전운전 의무 불이행""","""안전운전 의무 불이행""",교차로,교차로횡단보도내,화물차,화물차,보행자,보행자,127.0535364,37.58363726,127.0535366,37.58364047
883,2017,9,27,21,2017년 9월 27일 수요일,28,야간,수,1,1,0,0,0,서울,중구,차대사람,0,보도통행중,보도통행중,보도통행중,운전자법규위반,"""안전운전 의무 불이행""","""안전운전 의무 불이행""",단일로,기타단일로,승용차,승용차,보행자,보행자,126.9954125,37.56162658,126.9954156,37.56162581
1102,2017,11,30,18,2017년 11월 30일 목요일,25,야간,목,1,1,0,0,0,서울,노원구,차대사람,0,보도통행중,보도통행중,보도통행중,운전자법규위반,"""안전운전 의무 불이행""","""안전운전 의무 불이행""",교차로,교차로내,승합차,승합차,보행자,보행자,127.0791064,37.61855918,127.0791027,37.61855723
73,2017,1,19,13,2017년 1월 19일 목요일,53,주간,목,1,1,0,0,0,서울,마포구,차대사람,0,차도통행중,차도통행중,차도통행중,운전자법규위반,"""안전운전 의무 불이행""","""안전운전 의무 불이행""",단일로,기타단일로,승합차,승합차,보행자,보행자,126.9118054,37.54872896,126.9118094,37.5487287
111,2017,1,27,20,2017년 1월 27일 금요일,20,야간,금,1,1,0,0,0,서울,종로구,차대사람,0,차도통행중,차도통행중,차도통행중,운전자법규위반,"""안전운전 의무 불이행""","""안전운전 의무 불이행""",단일로,기타단일로,승용차,승용차,보행자,보행자,127.0073052,37.57306984,127.0073093,37.57306827
114,2017,1,30,18,2017년 1월 30일 월요일,25,야간,월,1,1,0,0,0,서울,서초구,차대사람,0,차도통행중,차도통행중,차도통행중,운전자법규위반,"""안전운전 의무 불이행""","""안전운전 의무 불이행""",단일로,기타단일로,승합차,승합차,보행자,보행자,127.0210732,37.48317136,127.0210715,37.48316889
194,2017,2,27,19,2017년 2월 27일 월요일,2,야간,월,1,1,0,0,0,서울,도봉구,차대사람,0,차도통행중,차도통행중,차도통행중,운전자법규위반,"""안전운전 의무 불이행""","""안전운전 의무 불이행""",기타,기타,화물차,화물차,보행자,보행자,127.047721,37.65182864,127.0477245,37.65182889
195,2017,2,27,22,2017년 2월 27일 월요일,12,야간,월,1,1,0,0,0,서울,강서구,차대사람,0,차도통행중,차도통행중,차도통행중,운전자법규위반,"""안전운전 의무 불이행""","""안전운전 의무 불이행""",단일로,기타단일로,승합차,승합차,보행자,보행자,126.8506722,37.55281617,126.8506701,37.5528167
263,2017,3,18,15,2017년 3월 18일 토요일,40,주간,토,1,1,0,0,0,서울,관악구,차대사람,0,차도통행중,차도통행중,차도통행중,운전자법규위반,"""안전운전 의무 불이행""","""안전운전 의무 불이행""",단일로,기타단일로,승용차,승용차,보행자,보행자,126.9269774,37.48775499,126.926973,37.48775233
326,2017,4,13,13,2017년 4월 13일 목요일,5,주간,목,1,1,0,0,0,서울,광진구,차대사람,0,차도통행중,차도통행중,차도통행중,운전자법규위반,"""안전운전 의무 불이행""","""안전운전 의무 불이행""",단일로,기타단일로,승용차,승용차,보행자,보행자,127.083738,37.53568758,127.083738,37.53568688
348,2017,4,21,14,2017년 4월 21일 금요일,45,주간,금,1,1,0,0,0,서울,영등포구,차대사람,0,차도통행중,차도통행중,차도통행중,운전자법규위반,"""안전운전 의무 불이행""","""안전운전 의무 불이행""",단일로,기타단일로,승합차,승합차,보행자,보행자,126.9292445,37.51773961,126.9292457,37.51774086
383,2017,5,4,23,2017년 5월 4일 목요일,50,야간,목,1,1,0,0,0,서울,강북구,차대사람,0,차도통행중,차도통행중,차도통행중,운전자법규위반,"""안전운전 의무 불이행""","""안전운전 의무 불이행""",교차로,교차로내,승용차,승용차,보행자,보행자,127.0179034,37.63122317,127.0179005,37.63122171
448,2017,5,26,23,2017년 5월 26일 금요일,50,야간,금,1,1,0,0,0,서울,양천구,차대사람,0,차도통행중,차도통행중,차도통행중,운전자법규위반,"""안전운전 의무 불이행""","""안전운전 의무 불이행""",단일로,기타단일로,승용차,승용차,보행자,보행자,126.8638986,37.53112968,126.8639023,37.53112776
470,2017,6,3,21,2017년 6월 3일 토요일,35,야간,토,1,1,0,0,0,서울,강서구,차대사람,0,차도통행중,차도통행중,차도통행중,운전자법규위반,"""안전운전 의무 불이행""","""안전운전 의무 불이행""",기타,기타,이륜차,이륜차,보행자,보행자,126.8115392,37.56461836,126.8115395,37.56461654
472,2017,6,4,14,2017년 6월 4일 일요일,48,주간,일,1,1,0,0,0,서울,강남구,차대사람,0,차도통행중,차도통행중,차도통행중,운전자법규위반,"""안전운전 의무 불이행""","""안전운전 의무 불이행""",단일로,기타단일로,승용차,승용차,보행자,보행자,127.0519789,37.48432015,127.0519825,37.48432369
516,2017,6,18,0,2017년 6월 18일 일요일,22,야간,일,1,1,0,0,0,서울,마포구,차대사람,0,차도통행중,차도통행중,차도통행중,운전자법규위반,"""안전운전 의무 불이행""","""안전운전 의무 불이행""",단일로,기타단일로,승용차,승용차,보행자,보행자,126.8909723,37.56022366,126.8909685,37.56022298
530,2017,6,22,23,2017년 6월 22일 목요일,47,야간,목,1,4,0,0,3,서울,용산구,차대사람,0,차도통행중,차도통행중,차도통행중,운전자법규위반,"""안전운전 의무 불이행""","""안전운전 의무 불이행""",단일로,기타단일로,승용차,승용차,보행자,보행자,126.9546387,37.52443586,126.9546411,37.52443817
568,2017,7,5,2,2017년 7월 5일 수요일,0,야간,수,1,1,0,0,0,서울,노원구,차대사람,0,차도통행중,차도통행중,차도통행중,운전자법규위반,"""안전운전 의무 불이행""","""안전운전 의무 불이행""",단일로,기타단일로,승용차,승용차,보행자,보행자,127.0550629,37.65439833,127.0550638,37.65439639
601,2017,7,12,8,2017년 7월 12일 수요일,20,주간,수,1,1,0,0,0,서울,강동구,차대사람,0,차도통행중,차도통행중,차도통행중,운전자법규위반,"""안전운전 의무 불이행""","""안전운전 의무 불이행""",단일로,기타단일로,승용차,승용차,보행자,보행자,127.1216924,37.54639717,127.1216918,37.54639971
655,2017,7,25,14,2017년 7월 25일 화요일,35,주간,화,1,1,0,0,0,서울,양천구,차대사람,0,차도통행중,차도통행중,차도통행중,운전자법규위반,"""안전운전 의무 불이행""","""안전운전 의무 불이행""",단일로,기타단일로,승용차,승용차,보행자,보행자,126.8532883,37.51339661,126.8532842,37.51339441
682,2017,8,3,3,2017년 8월 3일 목요일,30,야간,목,1,1,0,0,0,서울,영등포구,차대사람,0,차도통행중,차도통행중,차도통행중,운전자법규위반,"""안전운전 의무 불이행""","""안전운전 의무 불이행""",단일로,기타단일로,화물차,화물차,보행자,보행자,126.8818569,37.52468126,126.8818596,37.5246804
754,2017,8,25,23,2017년 8월 25일 금요일,18,야간,금,1,1,0,0,0,서울,노원구,차대사람,0,차도통행중,차도통행중,차도통행중,운전자법규위반,"""안전운전 의무 불이행""","""안전운전 의무 불이행""",단일로,기타단일로,승용차,승용차,보행자,보행자,127.0775682,37.63808573,127.0775666,37.63808666
826,2017,9,13,19,2017년 9월 13일 수요일,10,야간,수,1,1,0,0,0,서울,구로구,차대사람,0,차도통행중,차도통행중,차도통행중,운전자법규위반,"""안전운전 의무 불이행""","""안전운전 의무 불이행""",단일로,기타단일로,승용차,승용차,보행자,보행자,126.8834989,37.49979452,126.8834945,37.49979765
960,2017,10,20,6,2017년 10월 20일 금요일,20,주간,금,1,1,0,0,0,서울,성북구,차대사람,0,차도통행중,차도통행중,차도통행중,운전자법규위반,"""안전운전 의무 불이행""","""안전운전 의무 불이행""",교차로,교차로횡단보도내,승용차,승용차,보행자,보행자,127.0513969,37.61551871,127.0513986,37.61551885
1006,2017,11,2,17,2017년 11월 2일 목요일,35,주간,목,1,1,0,0,0,서울,중랑구,차대사람,0,차도통행중,차도통행중,차도통행중,운전자법규위반,"""안전운전 의무 불이행""","""안전운전 의무 불이행""",단일로,기타단일로,승용차,승용차,보행자,보행자,127.0881194,37.60335827,127.0881218,37.603357
1013,2017,11,4,11,2017년 11월 4일 토요일,30,주간,토,1,1,0,0,0,서울,동대문구,차대사람,0,차도통행중,차도통행중,차도통행중,운전자법규위반,"""안전운전 의무 불이행""","""안전운전 의무 불이행""",단일로,기타단일로,승용차,승용차,보행자,보행자,127.0446032,37.5775551,127.0446074,37.57755363
1028,2017,11,9,9,2017년 11월 9일 목요일,5,주간,목,1,1,0,0,0,서울,동작구,차대사람,0,차도통행중,차도통행중,차도통행중,운전자법규위반,"""안전운전 의무 불이행""","""안전운전 의무 불이행""",단일로,기타단일로,건설기계,건설기계,보행자,보행자,126.9818842,37.48273559,126.981887,37.48273406
1081,2017,11,23,19,2017년 11월 23일 목요일,20,야간,목,1,1,0,0,0,서울,관악구,차대사람,0,차도통행중,차도통행중,차도통행중,운전자법규위반,"""안전운전 의무 불이행""","""안전운전 의무 불이행""",단일로,기타단일로,승용차,승용차,보행자,보행자,126.905771,37.48028615,126.9057727,37.48028896
1100,2017,11,30,5,2017년 11월 30일 목요일,35,야간,목,1,1,0,0,0,서울,동작구,차대사람,0,차도통행중,차도통행중,차도통행중,운전자법규위반,"""안전운전 의무 불이행""","""안전운전 의무 불이행""",교차로,교차로내,화물차,화물차,보행자,보행자,126.9607842,37.50709499,126.9607856,37.50709517
1116,2017,12,4,16,2017년 12월 4일 월요일,57,주간,월,1,1,0,0,0,서울,은평구,차대사람,0,차도통행중,차도통행중,차도통행중,운전자법규위반,"""안전운전 의무 불이행""","""안전운전 의무 불이행""",단일로,기타단일로,승합차,승합차,보행자,보행자,126.9154945,37.6054147,126.9154925,37.60541377
1147,2017,12,14,19,2017년 12월 14일 목요일,43,야간,목,1,1,0,0,0,서울,관악구,차대사람,0,차도통행중,차도통행중,차도통행중,운전자법규위반,"""안전운전 의무 불이행""","""안전운전 의무 불이행""",교차로,교차로내,승용차,승용차,보행자,보행자,126.9352811,37.48611845,126.9352824,37.48612
1,2017,1,1,2,2017년 1월 1일 일요일,28,야간,일,1,1,0,0,0,서울,송파구,차대사람,0,횡단중,11,횡단중,운전자법규위반,"""안전운전 의무 불이행""","""안전운전 의무 불이행""",교차로,교차로부근,승용차,승용차,보행자,보행자,127.133107,37.49874052,127.1331094,37.49874287
12,2017,1,3,18,2017년 1월 3일 화요일,5,야간,화,1,1,0,0,0,서울,관악구,차대사람,0,횡단중,11,횡단중,운전자법규위반,"""안전운전 의무 불이행""","""안전운전 의무 불이행""",단일로,기타단일로,화물차,화물차,보행자,보행자,126.9549303,37.48122622,126.9549286,37.48122281
24,2017,1,6,0,2017년 1월 6일 금요일,40,야간,금,1,1,0,0,0,서울,성동구,차대사람,0,횡단중,11,횡단중,운전자법규위반,"""안전운전 의무 불이행""","""안전운전 의무 불이행""",단일로,기타단일로,화물차,화물차,보행자,보행자,127.0254745,37.54730259,127.0254733,37.54730425
25,2017,1,6,6,2017년 1월 6일 금요일,0,주간,금,1,1,0,0,0,서울,성북구,차대사람,0,횡단중,11,횡단중,운전자법규위반,"""안전운전 의무 불이행""","""안전운전 의무 불이행""",교차로,교차로내,화물차,화물차,보행자,보행자,127.0381594,37.60244866,127.0381575,37.60244603
49,2017,1,13,11,2017년 1월 13일 금요일,45,주간,금,1,1,0,0,0,서울,서초구,차대사람,0,횡단중,11,횡단중,운전자법규위반,"""안전운전 의무 불이행""","""안전운전 의무 불이행""",교차로,교차로부근,특수차,특수차,보행자,보행자,126.9817981,37.47719185,126.9817972,37.47719504
57,2017,1,16,6,2017년 1월 16일 월요일,21,주간,월,1,1,0,0,0,서울,강서구,차대사람,0,횡단중,11,횡단중,운전자법규위반,"""안전운전 의무 불이행""","""안전운전 의무 불이행""",단일로,기타단일로,승용차,승용차,보행자,보행자,126.8486832,37.54460299,126.8486848,37.54460485
58,2017,1,16,20,2017년 1월 16일 월요일,53,야간,월,1,1,0,0,0,서울,관악구,차대사람,0,횡단중,11,횡단중,운전자법규위반,"""안전운전 의무 불이행""","""안전운전 의무 불이행""",단일로,기타단일로,승용차,승용차,보행자,보행자,126.9319437,37.48768884,126.9319407,37.48768818
60,2017,1,17,6,2017년 1월 17일 화요일,17,주간,화,1,1,0,0,0,서울,관악구,차대사람,0,횡단중,11,횡단중,운전자법규위반,"""안전운전 의무 불이행""","""안전운전 의무 불이행""",단일로,기타단일로,승합차,승합차,보행자,보행자,126.9126006,37.47328971,126.9125999,37.47328825
68,2017,1,18,14,2017년 1월 18일 수요일,58,주간,수,1,1,0,0,0,서울,서대문구,차대사람,0,횡단중,11,횡단중,운전자법규위반,"""안전운전 의무 불이행""","""안전운전 의무 불이행""",단일로,기타단일로,승용차,승용차,보행자,보행자,126.9290944,37.57216769,126.929093,37.57217116
103,2017,1,25,22,2017년 1월 25일 수요일,43,야간,수,1,1,0,0,0,서울,강남구,차대사람,0,횡단중,11,횡단중,운전자법규위반,"""안전운전 의무 불이행""","""안전운전 의무 불이행""",단일로,기타단일로,승용차,승용차,보행자,보행자,127.027823,37.51955031,127.0278268,37.51955062
106,2017,1,26,2,2017년 1월 26일 목요일,59,야간,목,1,1,0,0,0,서울,동대문구,차대사람,0,횡단중,11,횡단중,운전자법규위반,"""안전운전 의무 불이행""","""안전운전 의무 불이행""",교차로,교차로내,승용차,승용차,보행자,보행자,127.0337489,37.57832394,127.0337467,37.57832252
118,2017,2,1,18,2017년 2월 1일 수요일,55,야간,수,1,1,0,0,0,서울,도봉구,차대사람,0,횡단중,11,횡단중,운전자법규위반,"""안전운전 의무 불이행""","""안전운전 의무 불이행""",단일로,기타단일로,화물차,화물차,보행자,보행자,127.0449797,37.6774881,127.0449757,37.67748563
125,2017,2,3,0,2017년 2월 3일 금요일,18,야간,금,1,1,0,0,0,서울,동대문구,차대사람,0,횡단중,11,횡단중,운전자법규위반,"""안전운전 의무 불이행""","""안전운전 의무 불이행""",단일로,기타단일로,승용차,승용차,보행자,보행자,127.0689806,37.59031055,127.0689787,37.59031051
152,2017,2,11,10,2017년 2월 11일 토요일,10,주간,토,1,1,0,0,0,서울,강남구,차대사람,0,횡단중,11,횡단중,운전자법규위반,"""안전운전 의무 불이행""","""안전운전 의무 불이행""",교차로,교차로내,승용차,승용차,보행자,보행자,127.0450933,37.5230162,127.0450925,37.52301326
189,2017,2,24,10,2017년 2월 24일 금요일,45,주간,금,1,1,0,0,0,서울,동작구,차대사람,0,횡단중,11,횡단중,운전자법규위반,"""안전운전 의무 불이행""","""안전운전 의무 불이행""",교차로,교차로내,승용차,승용차,보행자,보행자,126.9378887,37.49587455,126.9378875,37.49587779
225,2017,3,7,5,2017년 3월 7일 화요일,19,야간,화,1,1,0,0,0,서울,관악구,차대사람,0,횡단중,11,횡단중,운전자법규위반,"""안전운전 의무 불이행""","""안전운전 의무 불이행""",교차로,교차로부근,승용차,승용차,보행자,보행자,126.9761425,37.47403919,126.9761468,37.47403683
234,2017,3,10,14,2017년 3월 10일 금요일,44,주간,금,1,1,0,0,0,서울,마포구,차대사람,0,횡단중,11,횡단중,운전자법규위반,"""안전운전 의무 불이행""","""안전운전 의무 불이행""",교차로,교차로횡단보도내,특수차,특수차,보행자,보행자,126.9137729,37.54901817,126.9137767,37.5490207
264,2017,3,18,20,2017년 3월 18일 토요일,57,야간,토,1,1,0,0,0,서울,서대문구,차대사람,0,횡단중,11,횡단중,운전자법규위반,"""안전운전 의무 불이행""","""안전운전 의무 불이행""",단일로,기타단일로,승용차,승용차,보행자,보행자,126.9135816,37.5701096,126.9135791,37.57010636
287,2017,3,29,6,2017년 3월 29일 수요일,28,주간,수,1,1,0,0,0,서울,마포구,차대사람,0,횡단중,11,횡단중,운전자법규위반,"""안전운전 의무 불이행""","""안전운전 의무 불이행""",단일로,기타단일로,승합차,승합차,보행자,보행자,126.9192597,37.55388551,126.9192565,37.55388496
342,2017,4,18,16,2017년 4월 18일 화요일,48,주간,화,1,1,0,0,0,서울,성북구,차대사람,0,횡단중,11,횡단중,운전자법규위반,"""안전운전 의무 불이행""","""안전운전 의무 불이행""",단일로,기타단일로,화물차,화물차,보행자,보행자,127.0172653,37.58968674,127.0172626,37.58968411
347,2017,4,21,8,2017년 4월 21일 금요일,18,주간,금,1,1,0,0,0,서울,영등포구,차대사람,0,횡단중,11,횡단중,운전자법규위반,"""안전운전 의무 불이행""","""안전운전 의무 불이행""",단일로,기타단일로,이륜차,이륜차,보행자,보행자,126.9155463,37.51181022,126.9155464,37.51181252
364,2017,4,28,0,2017년 4월 28일 금요일,6,야간,금,1,1,0,0,0,서울,영등포구,차대사람,0,횡단중,11,횡단중,운전자법규위반,"""안전운전 의무 불이행""","""안전운전 의무 불이행""",단일로,교량위,승합차,승합차,보행자,보행자,126.8882234,37.53083457,126.8882197,37.53083568
391,2017,5,6,22,2017년 5월 6일 토요일,20,야간,토,1,1,0,0,0,서울,성동구,차대사람,0,횡단중,11,횡단중,운전자법규위반,"""안전운전 의무 불이행""","""안전운전 의무 불이행""",교차로,교차로횡단보도내,화물차,화물차,보행자,보행자,127.039015,37.55813638,127.0390109,37.55813648
411,2017,5,15,8,2017년 5월 15일 월요일,20,주간,월,1,1,0,0,0,서울,마포구,차대사람,0,횡단중,11,횡단중,운전자법규위반,"""안전운전 의무 불이행""","""안전운전 의무 불이행""",교차로,교차로횡단보도내,승용차,승용차,보행자,보행자,126.9315774,37.54792445,126.9315813,37.54792389
416,2017,5,15,16,2017년 5월 15일 월요일,45,주간,월,1,2,0,1,0,서울,도봉구,차대사람,0,횡단중,11,횡단중,운전자법규위반,"""안전운전 의무 불이행""","""안전운전 의무 불이행""",교차로,교차로횡단보도내,승용차,승용차,보행자,보행자,127.0534831,37.65318457,127.0534827,37.65318733
417,2017,5,16,2,2017년 5월 16일 화요일,16,야간,화,1,1,0,0,0,서울,송파구,차대사람,0,횡단중,11,횡단중,운전자법규위반,"""안전운전 의무 불이행""","""안전운전 의무 불이행""",교차로,교차로횡단보도내,승용차,승용차,보행자,보행자,127.1395519,37.49550824,127.1395503,37.49550717
426,2017,5,18,6,2017년 5월 18일 목요일,14,주간,목,1,1,0,0,0,서울,동작구,차대사람,0,횡단중,11,횡단중,운전자법규위반,"""안전운전 의무 불이행""","""안전운전 의무 불이행""",단일로,기타단일로,승용차,승용차,보행자,보행자,126.9498891,37.50083442,126.949889,37.50083103
440,2017,5,23,9,2017년 5월 23일 화요일,10,주간,화,1,1,0,0,0,서울,광진구,차대사람,0,횡단중,11,횡단중,운전자법규위반,"""안전운전 의무 불이행""","""안전운전 의무 불이행""",단일로,기타단일로,화물차,화물차,보행자,보행자,127.0904798,37.54472469,127.0904753,37.54472593
456,2017,5,29,11,2017년 5월 29일 월요일,10,주간,월,1,1,0,0,0,서울,성북구,차대사람,0,횡단중,11,횡단중,운전자법규위반,"""안전운전 의무 불이행""","""안전운전 의무 불이행""",단일로,기타단일로,화물차,화물차,보행자,보행자,127.0235217,37.60861334,127.0235239,37.60861623
466,2017,6,1,23,2017년 6월 1일 목요일,55,야간,목,1,1,0,0,0,서울,동작구,차대사람,0,횡단중,11,횡단중,운전자법규위반,"""안전운전 의무 불이행""","""안전운전 의무 불이행""",단일로,기타단일로,승합차,승합차,보행자,보행자,126.9044099,37.4864626,126.9044073,37.48646215
521,2017,6,20,11,2017년 6월 20일 화요일,53,주간,화,1,1,0,0,0,서울,용산구,차대사람,0,횡단중,11,횡단중,운전자법규위반,"""안전운전 의무 불이행""","""안전운전 의무 불이행""",단일로,기타단일로,승용차,승용차,보행자,보행자,126.9673669,37.52493562,126.9673702,37.52493688
523,2017,6,21,1,2017년 6월 21일 수요일,40,야간,수,1,1,0,0,0,서울,광진구,차대사람,0,횡단중,11,횡단중,운전자법규위반,"""안전운전 의무 불이행""","""안전운전 의무 불이행""",단일로,기타단일로,승용차,승용차,보행자,보행자,127.0731013,37.54507777,127.0731019,37.54507494
524,2017,6,21,1,2017년 6월 21일 수요일,5,야간,수,1,1,0,0,0,서울,서초구,차대사람,0,횡단중,11,횡단중,운전자법규위반,"""안전운전 의무 불이행""","""안전운전 의무 불이행""",단일로,기타단일로,승용차,승용차,보행자,보행자,127.0232483,37.50399254,127.0232454,37.50399523
540,2017,6,27,22,2017년 6월 27일 화요일,30,야간,화,1,1,0,0,0,서울,서초구,차대사람,0,횡단중,11,횡단중,운전자법규위반,"""안전운전 의무 불이행""","""안전운전 의무 불이행""",단일로,기타단일로,승용차,승용차,보행자,보행자,127.03537,37.47588234,127.0353727,37.47588329
550,2017,6,29,3,2017년 6월 29일 목요일,10,야간,목,1,1,0,0,0,서울,강서구,차대사람,0,횡단중,11,횡단중,운전자법규위반,"""안전운전 의무 불이행""","""안전운전 의무 불이행""",단일로,기타단일로,승용차,승용차,보행자,보행자,126.837825,37.54102735,126.8378242,37.54102924
559,2017,7,2,13,2017년 7월 2일 일요일,30,주간,일,1,1,0,0,0,서울,서초구,차대사람,0,횡단중,11,횡단중,운전자법규위반,"""안전운전 의무 불이행""","""안전운전 의무 불이행""",단일로,기타단일로,승용차,승용차,보행자,보행자,127.040091,37.47878517,127.0400888,37.47878479
560,2017,7,3,0,2017년 7월 3일 월요일,56,야간,월,1,1,0,0,0,서울,송파구,차대사람,0,횡단중,11,횡단중,운전자법규위반,"""안전운전 의무 불이행""","""안전운전 의무 불이행""",교차로,교차로부근,승합차,승합차,보행자,보행자,127.1269584,37.47552196,127.1269559,37.47551971
564,2017,7,3,13,2017년 7월 3일 월요일,51,주간,월,1,1,0,0,0,서울,종로구,차대사람,0,횡단중,11,횡단중,운전자법규위반,"""안전운전 의무 불이행""","""안전운전 의무 불이행""",단일로,기타단일로,화물차,화물차,보행자,보행자,126.9718123,37.57818924,126.9718079,37.57818725
573,2017,7,5,22,2017년 7월 5일 수요일,42,야간,수,1,1,0,0,0,서울,구로구,차대사람,0,횡단중,11,횡단중,운전자법규위반,"""안전운전 의무 불이행""","""안전운전 의무 불이행""",단일로,기타단일로,화물차,화물차,보행자,보행자,126.8469428,37.49753399,126.8469421,37.49753128
604,2017,7,12,21,2017년 7월 12일 수요일,10,야간,수,1,2,1,0,0,서울,노원구,차대사람,0,횡단중,11,횡단중,운전자법규위반,"""안전운전 의무 불이행""","""안전운전 의무 불이행""",단일로,기타단일로,승용차,승용차,보행자,보행자,127.0609348,37.67375396,127.0609387,37.67375287
619,2017,7,14,22,2017년 7월 14일 금요일,25,야간,금,1,1,0,0,0,서울,강동구,차대사람,0,횡단중,11,횡단중,운전자법규위반,"""안전운전 의무 불이행""","""안전운전 의무 불이행""",단일로,기타단일로,승용차,승용차,보행자,보행자,127.1203363,37.54369777,127.1203353,37.54370028
643,2017,7,22,3,2017년 7월 22일 토요일,0,야간,토,1,1,0,0,0,서울,서초구,차대사람,0,횡단중,11,횡단중,운전자법규위반,"""안전운전 의무 불이행""","""안전운전 의무 불이행""",단일로,기타단일로,승용차,승용차,보행자,보행자,127.0230215,37.50407275,127.0230208,37.50407363
646,2017,7,22,20,2017년 7월 22일 토요일,26,야간,토,1,1,0,0,0,서울,서초구,차대사람,0,횡단중,11,횡단중,운전자법규위반,"""안전운전 의무 불이행""","""안전운전 의무 불이행""",단일로,기타단일로,승용차,승용차,보행자,보행자,127.0060412,37.49517867,127.0060427,37.49517932
679,2017,8,1,17,2017년 8월 1일 화요일,17,주간,화,1,1,0,0,0,서울,구로구,차대사람,0,횡단중,11,횡단중,운전자법규위반,"""안전운전 의무 불이행""","""안전운전 의무 불이행""",교차로,교차로부근,승합차,승합차,보행자,보행자,126.8519494,37.49811138,126.8519457,37.49810857
704,2017,8,10,21,2017년 8월 10일 목요일,55,야간,목,1,1,0,0,0,서울,동대문구,차대사람,0,횡단중,11,횡단중,운전자법규위반,"""안전운전 의무 불이행""","""안전운전 의무 불이행""",단일로,기타단일로,승합차,승합차,보행자,보행자,126.9783937,37.56660917,126.9783925,37.5666103
792,2017,9,5,8,2017년 9월 5일 화요일,20,주간,화,1,1,0,0,0,서울,중랑구,차대사람,0,횡단중,11,횡단중,운전자법규위반,"""안전운전 의무 불이행""","""안전운전 의무 불이행""",단일로,기타단일로,화물차,화물차,보행자,보행자,127.1058074,37.60057944,127.1058096,37.60058134
802,2017,9,9,4,2017년 9월 9일 토요일,35,야간,토,1,2,1,0,0,서울,성북구,차대사람,0,횡단중,11,횡단중,운전자법규위반,"""안전운전 의무 불이행""","""안전운전 의무 불이행""",단일로,기타단일로,승용차,승용차,보행자,보행자,127.0530351,37.60873782,127.0530336,37.60873721
873,2017,9,26,5,2017년 9월 26일 화요일,35,야간,화,1,1,0,0,0,서울,영등포구,차대사람,0,횡단중,11,횡단중,운전자법규위반,"""안전운전 의무 불이행""","""안전운전 의무 불이행""",단일로,기타단일로,화물차,화물차,보행자,보행자,126.9105843,37.50969443,126.9105877,37.50969616
913,2017,10,6,20,2017년 10월 6일 금요일,24,야간,금,1,2,0,1,0,서울,용산구,차대사람,0,횡단중,11,횡단중,운전자법규위반,"""안전운전 의무 불이행""","""안전운전 의무 불이행""",단일로,기타단일로,승용차,승용차,보행자,보행자,126.9850227,37.51983114,126.9850221,37.51982849
940,2017,10,15,21,2017년 10월 15일 일요일,35,야간,일,1,1,0,0,0,서울,서초구,차대사람,0,횡단중,11,횡단중,운전자법규위반,"""안전운전 의무 불이행""","""안전운전 의무 불이행""",단일로,기타단일로,승용차,승용차,보행자,보행자,127.0535152,37.45994407,127.0535187,37.45994089
978,2017,10,24,11,2017년 10월 24일 화요일,0,주간,화,1,1,0,0,0,서울,서대문구,차대사람,0,횡단중,11,횡단중,운전자법규위반,"""안전운전 의무 불이행""","""안전운전 의무 불이행""",단일로,기타단일로,건설기계,건설기계,보행자,보행자,126.9467576,37.59241484,126.9467539,37.59241746
992,2017,10,30,1,2017년 10월 30일 월요일,28,야간,월,1,1,0,0,0,서울,광진구,차대사람,0,횡단중,11,횡단중,운전자법규위반,"""안전운전 의무 불이행""","""안전운전 의무 불이행""",교차로,교차로내,화물차,화물차,보행자,보행자,127.0881627,37.55642521,127.0881667,37.55642735
994,2017,10,30,11,2017년 10월 30일 월요일,25,주간,월,1,1,0,0,0,서울,강북구,차대사람,0,횡단중,11,횡단중,운전자법규위반,"""안전운전 의무 불이행""","""안전운전 의무 불이행""",교차로,교차로부근,건설기계,건설기계,보행자,보행자,127.0392598,37.62864955,127.0392624,37.6286463
1015,2017,11,4,23,2017년 11월 4일 토요일,9,야간,토,1,1,0,0,0,서울,영등포구,차대사람,0,횡단중,11,횡단중,운전자법규위반,"""안전운전 의무 불이행""","""안전운전 의무 불이행""",단일로,기타단일로,승용차,승용차,보행자,보행자,126.9069213,37.5196162,126.9069226,37.51961474
1017,2017,11,5,23,2017년 11월 5일 일요일,9,야간,일,1,1,0,0,0,서울,영등포구,차대사람,0,횡단중,11,횡단중,운전자법규위반,"""안전운전 의무 불이행""","""안전운전 의무 불이행""",교차로,교차로부근,승용차,승용차,보행자,보행자,126.9163469,37.51797943,126.9163459,37.51797599
1019,2017,11,6,11,2017년 11월 6일 월요일,0,주간,월,1,1,0,0,0,서울,영등포구,차대사람,0,횡단중,11,횡단중,운전자법규위반,"""안전운전 의무 불이행""","""안전운전 의무 불이행""",단일로,기타단일로,승합차,승합차,보행자,보행자,126.9012217,37.51460477,126.9012183,37.51460574
1023,2017,11,7,17,2017년 11월 7일 화요일,19,주간,화,1,1,0,0,0,서울,구로구,차대사람,0,횡단중,11,횡단중,운전자법규위반,"""안전운전 의무 불이행""","""안전운전 의무 불이행""",단일로,기타단일로,승합차,승합차,보행자,보행자,126.8849089,37.48789498,126.8849049,37.48789489
1027,2017,11,8,10,2017년 11월 8일 수요일,17,주간,수,1,1,0,0,0,서울,송파구,차대사람,0,횡단중,11,횡단중,운전자법규위반,"""안전운전 의무 불이행""","""안전운전 의무 불이행""",단일로,기타단일로,건설기계,건설기계,보행자,보행자,127.1265418,37.47968495,127.1265427,37.47968301
1029,2017,11,9,18,2017년 11월 9일 목요일,20,야간,목,1,1,0,0,0,서울,송파구,차대사람,0,횡단중,11,횡단중,운전자법규위반,"""안전운전 의무 불이행""","""안전운전 의무 불이행""",단일로,기타단일로,승합차,승합차,보행자,보행자,127.1055874,37.50695518,127.105585,37.50695265
1030,2017,11,9,18,2017년 11월 9일 목요일,50,야간,목,1,1,0,0,0,서울,송파구,차대사람,0,횡단중,11,횡단중,운전자법규위반,"""안전운전 의무 불이행""","""안전운전 의무 불이행""",교차로,교차로횡단보도내,승용차,승용차,보행자,보행자,127.1069171,37.50581488,127.1069145,37.50581245
1053,2017,11,16,6,2017년 11월 16일 목요일,0,주간,목,1,1,0,0,0,서울,은평구,차대사람,0,횡단중,11,횡단중,운전자법규위반,"""안전운전 의무 불이행""","""안전운전 의무 불이행""",단일로,기타단일로,승합차,승합차,보행자,보행자,126.8844022,37.5894922,126.8844018,37.58949191
1064,2017,11,21,5,2017년 11월 21일 화요일,44,야간,화,1,1,0,0,0,서울,성북구,차대사람,0,횡단중,11,횡단중,운전자법규위반,"""안전운전 의무 불이행""","""안전운전 의무 불이행""",교차로,교차로내,승용차,승용차,보행자,보행자,127.0107992,37.60674959,127.0107948,37.6067517
1103,2017,11,30,22,2017년 11월 30일 목요일,50,야간,목,1,1,0,0,0,서울,은평구,차대사람,0,횡단중,11,횡단중,운전자법규위반,"""안전운전 의무 불이행""","""안전운전 의무 불이행""",단일로,기타단일로,승합차,승합차,보행자,보행자,126.930712,37.60957215,126.93071,37.60956983
1110,2017,12,2,19,2017년 12월 2일 토요일,57,야간,토,1,1,0,0,0,서울,성북구,차대사람,0,횡단중,11,횡단중,운전자법규위반,"""안전운전 의무 불이행""","""안전운전 의무 불이행""",교차로,교차로부근,화물차,화물차,보행자,보행자,127.036253,37.59273731,127.036253,37.59273777
1135,2017,12,9,5,2017년 12월 9일 토요일,45,야간,토,1,1,0,0,0,서울,동작구,차대사람,0,횡단중,11,횡단중,운전자법규위반,"""안전운전 의무 불이행""","""안전운전 의무 불이행""",단일로,기타단일로,승용차,승용차,보행자,보행자,126.9507302,37.51280562,126.9507334,37.51280299
1137,2017,12,10,3,2017년 12월 10일 일요일,8,야간,일,1,1,0,0,0,서울,구로구,차대사람,0,횡단중,11,횡단중,운전자법규위반,"""안전운전 의무 불이행""","""안전운전 의무 불이행""",교차로,교차로내,승용차,승용차,보행자,보행자,126.8467828,37.50161622,126.8467804,37.50161497
1141,2017,12,13,0,2017년 12월 13일 수요일,35,야간,수,1,1,0,0,0,서울,중랑구,차대사람,0,횡단중,11,횡단중,운전자법규위반,"""안전운전 의무 불이행""","""안전운전 의무 불이행""",단일로,기타단일로,승용차,승용차,보행자,보행자,127.0821234,37.59171885,127.082121,37.5917199
1159,2017,12,18,0,2017년 12월 18일 월요일,58,야간,월,1,1,0,0,0,서울,강북구,차대사람,0,횡단중,11,횡단중,운전자법규위반,"""안전운전 의무 불이행""","""안전운전 의무 불이행""",단일로,기타단일로,승용차,승용차,보행자,보행자,127.0177421,37.63162811,127.0177388,37.63162722
962,2017,10,20,12,2017년 10월 20일 금요일,53,주간,금,2,2,0,0,0,서울,동대문구,차대사람,0,기타,기타,기타,운전자법규위반,"""중앙선 침범""","""중앙선 침범""",단일로,기타단일로,승용차,승용차,보행자,보행자,127.0431481,37.57845082,127.0431521,37.57845067
759,2017,8,27,15,2017년 8월 27일 일요일,3,주간,일,1,1,0,0,0,서울,강동구,차대사람,0,기타,기타,기타,운전자법규위반,기타(운전자법규위반),기타(운전자법규위반),교차로,교차로횡단보도내,자전거,자전거,보행자,보행자,127.1559185,37.55208937,127.1559176,37.55209028
932,2017,10,13,20,2017년 10월 13일 금요일,15,야간,금,1,1,0,0,0,서울,강북구,차대사람,0,기타,기타,기타,운전자법규위반,기타(운전자법규위반),기타(운전자법규위반),단일로,기타단일로,승합차,승합차,보행자,보행자,127.0207692,37.62086944,127.0207661,37.62086972
506,2017,6,15,15,2017년 6월 15일 목요일,25,주간,목,1,1,0,0,0,서울,금천구,차대사람,0,보도통행중,보도통행중,보도통행중,운전자법규위반,기타(운전자법규위반),기타(운전자법규위반),단일로,기타단일로,승합차,승합차,보행자,보행자,126.9023081,37.43946592,126.9023052,37.43946603
877,2017,9,26,21,2017년 9월 26일 화요일,5,야간,화,1,2,1,0,0,서울,동작구,차대사람,0,보도통행중,보도통행중,보도통행중,운전자법규위반,기타(운전자법규위반),기타(운전자법규위반),단일로,기타단일로,승용차,승용차,보행자,보행자,126.9658658,37.50689635,126.96587,37.50689564
618,2017,7,14,22,2017년 7월 14일 금요일,45,야간,금,1,1,0,0,0,서울,용산구,차대차,1,기타,기타,기타,운전자법규위반,"""과속""","""과속""",단일로,교량위,이륜차,이륜차,승용차,승용차,126.9452615,37.52687091,126.9452627,37.52686758
229,2017,3,8,20,2017년 3월 8일 수요일,59,야간,수,1,3,1,0,1,서울,강남구,차대차,1,추돌,추돌,추돌,운전자법규위반,"""과속""","""과속""",교차로,교차로부근,승용차,승용차,승용차,승용차,127.059198,37.47618095,127.059196,37.47618271
891,2017,9,29,6,2017년 9월 29일 금요일,34,주간,금,1,1,0,0,0,서울,강남구,차대차,1,추돌,추돌,추돌,운전자법규위반,"""과속""","""과속""",단일로,기타단일로,승용차,승용차,이륜차,이륜차,127.0486947,37.47370762,127.0486947,37.47370888
662,2017,7,28,4,2017년 7월 28일 금요일,28,야간,금,1,1,0,0,0,서울,동대문구,차대차,1,측면충돌,측면충돌,측면충돌,운전자법규위반,"""과속""","""과속""",단일로,기타단일로,승용차,승용차,자전거,자전거,127.0647926,37.57033935,127.0647925,37.57034132
515,2017,6,17,11,2017년 6월 17일 토요일,55,주간,토,1,1,0,0,0,서울,강서구,차대차,1,측면충돌,측면충돌,측면충돌,운전자법규위반,"""부당한 회전""","""부당한 회전""",단일로,기타단일로,자전거,자전거,승합차,승합차,126.8167459,37.5710301,126.8167497,37.57103197
709,2017,8,12,11,2017년 8월 12일 토요일,10,주간,토,1,1,0,0,0,서울,강동구,차대차,1,측면충돌,측면충돌,측면충돌,운전자법규위반,"""부당한 회전""","""부당한 회전""",교차로,교차로내,자전거,자전거,화물차,화물차,127.1286779,37.53709933,127.1286807,37.5370973
371,2017,4,30,6,2017년 4월 30일 일요일,35,주간,일,1,2,1,0,0,서울,강북구,차대차,1,기타,기타,기타,운전자법규위반,0,"""신호위반""",단일로,기타단일로,승용차,승용차,승용차,승용차,127.0424249,37.62996881,127.0424245,37.62996958
414,2017,5,15,11,2017년 5월 15일 월요일,30,주간,월,1,3,2,0,0,서울,양천구,차대차,1,기타,기타,기타,운전자법규위반,0,"""신호위반""",교차로,교차로내,원동기장치자전거,원동기장치자전거,화물차,화물차,126.8792188,37.52756075,126.8792185,37.52755863
648,2017,7,23,17,2017년 7월 23일 일요일,32,주간,일,2,4,1,1,0,서울,은평구,차대차,1,기타,기타,기타,운전자법규위반,0,"""신호위반""",교차로,교차로내,이륜차,이륜차,승용차,승용차,126.9313294,37.60884505,126.9313298,37.60884396
817,2017,9,12,14,2017년 9월 12일 화요일,39,주간,화,1,1,0,0,0,서울,강서구,차대차,1,기타,기타,기타,운전자법규위반,0,"""신호위반""",교차로,교차로내,승합차,승합차,이륜차,이륜차,126.7983464,37.58167512,126.7983432,37.58167565
1001,2017,10,31,18,2017년 10월 31일 화요일,5,야간,화,1,1,0,0,0,서울,구로구,차대차,1,기타,기타,기타,운전자법규위반,0,"""신호위반""",교차로,교차로횡단보도내,승용차,승용차,자전거,자전거,126.8475717,37.5019631,126.8475709,37.50196417
136,2017,2,5,6,2017년 2월 5일 일요일,42,주간,일,1,1,0,0,0,서울,동대문구,차대차,1,정면충돌,정면충돌,정면충돌,운전자법규위반,0,"""신호위반""",교차로,교차로내,화물차,화물차,승합차,승합차,127.0578195,37.57756929,127.0578216,37.57756787
242,2017,3,13,5,2017년 3월 13일 월요일,25,야간,월,1,2,1,0,0,서울,강북구,차대차,1,정면충돌,정면충돌,정면충돌,운전자법규위반,0,"""신호위반""",교차로,교차로내,승용차,승용차,원동기장치자전거,원동기장치자전거,127.0185318,37.6198959,127.0185293,37.61989492
439,2017,5,22,21,2017년 5월 22일 월요일,44,야간,월,1,1,0,0,0,서울,강동구,차대차,1,정면충돌,정면충돌,정면충돌,운전자법규위반,0,"""신호위반""",교차로,교차로내,이륜차,이륜차,원동기장치자전거,원동기장치자전거,127.1562522,37.54918888,127.15625,37.54919163
527,2017,6,22,17,2017년 6월 22일 목요일,52,주간,목,1,1,0,0,0,서울,송파구,차대차,1,정면충돌,정면충돌,정면충돌,운전자법규위반,0,"""신호위반""",교차로,교차로내,승용차,승용차,이륜차,이륜차,127.1282404,37.5020982,127.1282405,37.50209958
647,2017,7,23,11,2017년 7월 23일 일요일,0,주간,일,1,3,0,2,0,서울,송파구,차대차,1,정면충돌,정면충돌,정면충돌,운전자법규위반,0,"""신호위반""",교차로,교차로내,승용차,승용차,승용차,승용차,127.1371513,37.47492275,127.1371518,37.47492086
755,2017,8,26,1,2017년 8월 26일 토요일,0,야간,토,1,1,0,0,0,서울,강남구,차대차,1,정면충돌,정면충돌,정면충돌,운전자법규위반,0,"""신호위반""",교차로,교차로부근,이륜차,이륜차,승용차,승용차,127.0927431,37.48447671,127.0927391,37.48447338
253,2017,3,17,3,2017년 3월 17일 금요일,10,야간,금,1,3,1,1,0,서울,중구,차대차,1,추돌,추돌,추돌,운전자법규위반,0,"""신호위반""",교차로,교차로내,화물차,화물차,원동기장치자전거,원동기장치자전거,126.9825869,37.56609583,126.9825877,37.56609762
6,2017,1,2,17,2017년 1월 2일 월요일,40,주간,월,1,5,0,4,0,서울,금천구,차대차,1,측면충돌,측면충돌,측면충돌,운전자법규위반,0,"""신호위반""",교차로,교차로내,승용차,승용차,승합차,승합차,126.9034922,37.44395888,126.903491,37.44395943
32,2017,1,8,0,2017년 1월 8일 일요일,40,야간,일,1,1,0,0,0,서울,영등포구,차대차,1,측면충돌,측면충돌,측면충돌,운전자법규위반,0,"""신호위반""",교차로,교차로내,이륜차,이륜차,승용차,승용차,126.9014769,37.50673726,126.9014788,37.50673886
92,2017,1,22,5,2017년 1월 22일 일요일,20,야간,일,1,2,0,1,0,서울,동작구,차대차,1,측면충돌,측면충돌,측면충돌,운전자법규위반,0,"""신호위반""",교차로,교차로내,승용차,승용차,승합차,승합차,126.9094408,37.49254496,126.9094379,37.49254218
232,2017,3,9,23,2017년 3월 9일 목요일,35,야간,목,1,1,0,0,0,서울,강북구,차대차,1,측면충돌,측면충돌,측면충돌,운전자법규위반,0,"""신호위반""",교차로,교차로횡단보도내,이륜차,이륜차,이륜차,이륜차,127.0230797,37.6334615,127.0230837,37.63346267
266,2017,3,19,9,2017년 3월 19일 일요일,25,주간,일,1,1,0,0,0,서울,마포구,차대차,1,측면충돌,측면충돌,측면충돌,운전자법규위반,0,"""신호위반""",교차로,교차로내,승용차,승용차,원동기장치자전거,원동기장치자전거,126.9116832,37.55419051,126.9116837,37.55419119
389,2017,5,6,14,2017년 5월 6일 토요일,18,주간,토,1,2,0,1,0,서울,동작구,차대차,1,측면충돌,측면충돌,측면충돌,운전자법규위반,0,"""신호위반""",교차로,교차로부근,원동기장치자전거,원동기장치자전거,승합차,승합차,126.9293173,37.51322959,126.9293176,37.51323052
427,2017,5,18,22,2017년 5월 18일 목요일,28,야간,목,1,1,0,0,0,서울,강남구,차대차,1,측면충돌,측면충돌,측면충돌,운전자법규위반,0,"""신호위반""",교차로,교차로부근,승용차,승용차,이륜차,이륜차,127.0467723,37.52421245,127.0467723,37.52421019
485,2017,6,9,1,2017년 6월 9일 금요일,20,야간,금,1,1,0,0,0,서울,강남구,차대차,1,측면충돌,측면충돌,측면충돌,운전자법규위반,0,"""신호위반""",교차로,교차로내,이륜차,이륜차,승용차,승용차,127.04857,37.47376123,127.0485689,37.47375879
580,2017,7,6,21,2017년 7월 6일 목요일,35,야간,목,1,1,0,0,0,서울,서대문구,차대차,1,측면충돌,측면충돌,측면충돌,운전자법규위반,0,"""신호위반""",교차로,교차로내,승합차,승합차,이륜차,이륜차,126.9060887,37.57436163,126.9060871,37.57436406
753,2017,8,25,15,2017년 8월 25일 금요일,40,주간,금,1,1,0,0,0,서울,동작구,차대차,1,측면충돌,측면충돌,측면충돌,운전자법규위반,0,"""신호위반""",교차로,교차로내,화물차,화물차,원동기장치자전거,원동기장치자전거,126.9204249,37.4998733,126.9204243,37.49987604
868,2017,9,25,14,2017년 9월 25일 월요일,39,주간,월,1,1,0,0,0,서울,성북구,차대차,1,측면충돌,측면충돌,측면충돌,운전자법규위반,0,"""신호위반""",교차로,교차로내,원동기장치자전거,원동기장치자전거,승용차,승용차,127.0237088,37.58637794,127.0237126,37.58638117
945,2017,10,16,21,2017년 10월 16일 월요일,58,야간,월,1,1,0,0,0,서울,은평구,차대차,1,측면충돌,측면충돌,측면충돌,운전자법규위반,0,"""신호위반""",교차로,교차로횡단보도내,원동기장치자전거,원동기장치자전거,승용차,승용차,126.9227474,37.60660411,126.9227509,37.60660225
947,2017,10,17,5,2017년 10월 17일 화요일,50,야간,화,1,2,1,0,0,서울,동작구,차대차,1,측면충돌,측면충돌,측면충돌,운전자법규위반,0,"""신호위반""",교차로,교차로내,승용차,승용차,원동기장치자전거,원동기장치자전거,126.91424,37.49653482,126.9142439,37.49653349
1041,2017,11,13,0,2017년 11월 13일 월요일,25,야간,월,1,1,0,0,0,서울,강남구,차대차,1,측면충돌,측면충돌,측면충돌,운전자법규위반,0,"""신호위반""",교차로,교차로내,승합차,승합차,이륜차,이륜차,127.0518354,37.51591225,127.0518388,37.51590968
301,2017,4,5,5,2017년 4월 5일 수요일,27,야간,수,1,2,0,1,0,서울,노원구,차대차,1,기타,기타,기타,운전자법규위반,"""안전거리 미확보""","""안전거리 미확보""",단일로,터널안,승용차,승용차,화물차,화물차,127.0870455,37.67664241,127.0870438,37.67663955
1196,2017,12,29,4,2017년 12월 29일 금요일,54,야간,금,1,1,0,0,0,서울,서초구,차대차,1,기타,기타,기타,운전자법규위반,"""안전거리 미확보""","""안전거리 미확보""",단일로,기타단일로,건설기계,건설기계,이륜차,이륜차,126.9848065,37.46894854,126.9848065,37.46894634
204,2017,3,1,2,2017년 3월 1일 수요일,30,야간,수,1,1,0,0,0,서울,서대문구,차대차,1,측면충돌,측면충돌,측면충돌,운전자법규위반,"""안전거리 미확보""","""안전거리 미확보""",단일로,기타단일로,승용차,승용차,이륜차,이륜차,126.9177337,37.56957943,126.9177293,37.56957947
318,2017,4,11,23,2017년 4월 11일 화요일,20,야간,화,1,4,1,2,0,서울,강동구,차대차,1,측면충돌,측면충돌,측면충돌,운전자법규위반,"""안전거리 미확보""","""안전거리 미확보""",단일로,기타단일로,화물차,화물차,승용차,승용차,127.1769115,37.55471844,127.1769112,37.55471819
761,2017,8,28,2,2017년 8월 28일 월요일,5,야간,월,1,1,0,0,0,서울,광진구,차대차,1,측면충돌,측면충돌,측면충돌,운전자법규위반,"""안전거리 미확보""","""안전거리 미확보""",기타,기타,개인형이동수단(PM),개인형이동수단(PM),승용차,승용차,127.073996,37.56091775,127.0740002,37.56092084
770,2017,8,31,14,2017년 8월 31일 목요일,33,주간,목,1,1,0,0,0,서울,성북구,차대차,1,측면충돌,측면충돌,측면충돌,운전자법규위반,"""안전거리 미확보""","""안전거리 미확보""",단일로,기타단일로,건설기계,건설기계,원동기장치자전거,원동기장치자전거,127.0287409,37.60742649,127.0287431,37.60742778
55,2017,1,16,5,2017년 1월 16일 월요일,12,야간,월,1,3,1,1,0,서울,강남구,차대차,1,기타,기타,기타,운전자법규위반,"""안전운전 의무 불이행""","""안전운전 의무 불이행""",교차로,교차로내,승용차,승용차,이륜차,이륜차,127.0275518,37.49794369,127.0275484,37.49794465
170,2017,2,16,23,2017년 2월 16일 목요일,43,야간,목,1,1,0,0,0,서울,중랑구,차대차,1,기타,기타,기타,운전자법규위반,"""안전운전 의무 불이행""","""안전운전 의무 불이행""",교차로,교차로내,승용차,승용차,승용차,승용차,127.0800518,37.57275074,127.0800549,37.57274787
211,2017,3,4,11,2017년 3월 4일 토요일,12,주간,토,1,1,0,0,0,서울,강동구,차대차,1,기타,기타,기타,운전자법규위반,"""안전운전 의무 불이행""","""안전운전 의무 불이행""",교차로,교차로내,자전거,자전거,건설기계,건설기계,127.1711833,37.55717234,127.17118,37.5571751
240,2017,3,12,22,2017년 3월 12일 일요일,40,야간,일,1,1,0,0,0,서울,성동구,차대차,1,기타,기타,기타,운전자법규위반,"""안전운전 의무 불이행""","""안전운전 의무 불이행""",교차로,교차로내,이륜차,이륜차,화물차,화물차,127.0437508,37.56690688,127.043754,37.56690935
360,2017,4,26,5,2017년 4월 26일 수요일,0,야간,수,1,1,0,0,0,서울,서초구,차대차,1,기타,기타,기타,운전자법규위반,"""안전운전 의무 불이행""","""안전운전 의무 불이행""",단일로,기타단일로,승용차,승용차,승합차,승합차,126.9897533,37.50648457,126.9897562,37.50648232
412,2017,5,15,9,2017년 5월 15일 월요일,17,주간,월,1,2,0,1,0,서울,강동구,차대차,1,기타,기타,기타,운전자법규위반,"""안전운전 의무 불이행""","""안전운전 의무 불이행""",단일로,기타단일로,원동기장치자전거,원동기장치자전거,자전거,자전거,127.1652401,37.55190074,127.1652421,37.55189799
454,2017,5,28,18,2017년 5월 28일 일요일,7,야간,일,1,1,0,0,0,서울,광진구,차대차,1,기타,기타,기타,운전자법규위반,"""안전운전 의무 불이행""","""안전운전 의무 불이행""",단일로,기타단일로,이륜차,이륜차,승용차,승용차,127.0747052,37.55926633,127.0747009,37.55926875
514,2017,6,17,4,2017년 6월 17일 토요일,0,야간,토,1,2,1,0,0,서울,도봉구,차대차,1,기타,기타,기타,운전자법규위반,"""안전운전 의무 불이행""","""안전운전 의무 불이행""",단일로,지하차도(도로)내,이륜차,이륜차,승용차,승용차,127.0508525,37.64573856,127.0508507,37.64574052
536,2017,6,26,11,2017년 6월 26일 월요일,15,주간,월,1,4,1,2,0,서울,중구,차대차,1,기타,기타,기타,운전자법규위반,"""안전운전 의무 불이행""","""안전운전 의무 불이행""",단일로,기타단일로,승합차,승합차,자전거,자전거,127.0098183,37.55591863,127.0098156,37.55592173
860,2017,9,23,13,2017년 9월 23일 토요일,30,주간,토,1,1,0,0,0,서울,성동구,차대차,1,기타,기타,기타,운전자법규위반,"""안전운전 의무 불이행""","""안전운전 의무 불이행""",교차로,교차로부근,승합차,승합차,자전거,자전거,127.0377203,37.5716155,127.0377173,37.57161581
895,2017,9,30,4,2017년 9월 30일 토요일,15,야간,토,1,1,0,0,0,서울,강남구,차대차,1,기타,기타,기타,운전자법규위반,"""안전운전 의무 불이행""","""안전운전 의무 불이행""",단일로,교량위,승용차,승용차,이륜차,이륜차,127.0557725,37.52749152,127.0557734,37.52749451
922,2017,10,10,23,2017년 10월 10일 화요일,21,야간,화,1,1,0,0,0,서울,성북구,차대차,1,기타,기타,기타,운전자법규위반,"""안전운전 의무 불이행""","""안전운전 의무 불이행""",단일로,기타단일로,승용차,승용차,승용차,승용차,127.0524173,37.62108386,127.0524137,37.62108318
937,2017,10,15,6,2017년 10월 15일 일요일,0,주간,일,1,1,0,0,0,서울,광진구,차대차,1,기타,기타,기타,운전자법규위반,"""안전운전 의무 불이행""","""안전운전 의무 불이행""",단일로,교량위,승용차,승용차,자전거,자전거,127.1087102,37.54377699,127.1087111,37.54377863
1007,2017,11,3,0,2017년 11월 3일 금요일,5,야간,금,1,1,0,0,0,서울,노원구,차대차,1,기타,기타,기타,운전자법규위반,"""안전운전 의무 불이행""","""안전운전 의무 불이행""",단일로,지하차도(도로)내,승용차,승용차,이륜차,이륜차,127.0708947,37.62977834,127.0708921,37.6297775
1020,2017,11,6,15,2017년 11월 6일 월요일,55,주간,월,1,1,0,0,0,서울,구로구,차대차,1,기타,기타,기타,운전자법규위반,"""안전운전 의무 불이행""","""안전운전 의무 불이행""",교차로,교차로내,승용차,승용차,자전거,자전거,126.824608,37.48908893,126.82461,37.48909238
1152,2017,12,15,13,2017년 12월 15일 금요일,2,주간,금,1,1,0,0,0,서울,동작구,차대차,1,기타,기타,기타,운전자법규위반,"""안전운전 의무 불이행""","""안전운전 의무 불이행""",단일로,기타단일로,원동기장치자전거,원동기장치자전거,화물차,화물차,126.9399429,37.50256335,126.9399447,37.50256281
1157,2017,12,16,12,2017년 12월 16일 토요일,25,주간,토,1,1,0,0,0,서울,송파구,차대차,1,기타,기타,기타,운전자법규위반,"""안전운전 의무 불이행""","""안전운전 의무 불이행""",단일로,기타단일로,이륜차,이륜차,승용차,승용차,127.121653,37.53403947,127.1216559,37.53404135
1164,2017,12,19,23,2017년 12월 19일 화요일,21,야간,화,1,1,0,0,0,서울,관악구,차대차,1,기타,기타,기타,운전자법규위반,"""안전운전 의무 불이행""","""안전운전 의무 불이행""",단일로,기타단일로,이륜차,이륜차,화물차,화물차,126.9587197,37.47333872,126.9587194,37.47333816
1172,2017,12,22,11,2017년 12월 22일 금요일,10,주간,금,1,1,0,0,0,서울,광진구,차대차,1,기타,기타,기타,운전자법규위반,"""안전운전 의무 불이행""","""안전운전 의무 불이행""",기타,기타,원동기장치자전거,원동기장치자전거,건설기계,건설기계,127.0901962,37.54275876,127.0901969,37.54276009
1177,2017,12,23,17,2017년 12월 23일 토요일,20,주간,토,1,1,0,0,0,서울,노원구,차대차,1,기타,기타,기타,운전자법규위반,"""안전운전 의무 불이행""","""안전운전 의무 불이행""",교차로,교차로내,승용차,승용차,원동기장치자전거,원동기장치자전거,127.0693205,37.63939891,127.06932,37.63939555
16,2017,1,4,9,2017년 1월 4일 수요일,35,주간,수,1,1,0,0,0,서울,중랑구,차대차,1,정면충돌,정면충돌,정면충돌,운전자법규위반,"""안전운전 의무 불이행""","""안전운전 의무 불이행""",교차로,교차로내,자전거,자전거,승용차,승용차,127.0860718,37.5946351,127.0860736,37.59463824
258,2017,3,17,23,2017년 3월 17일 금요일,20,야간,금,1,2,0,1,0,서울,성동구,차대차,1,정면충돌,정면충돌,정면충돌,운전자법규위반,"""안전운전 의무 불이행""","""안전운전 의무 불이행""",교차로,교차로내,승용차,승용차,이륜차,이륜차,127.0259012,37.56750355,127.0259044,37.56750035
496,2017,6,12,13,2017년 6월 12일 월요일,42,주간,월,1,1,0,0,0,서울,영등포구,차대차,1,정면충돌,정면충돌,정면충돌,운전자법규위반,"""안전운전 의무 불이행""","""안전운전 의무 불이행""",기타,기타,화물차,화물차,자전거,자전거,126.9057438,37.50513637,126.9057458,37.50513546
712,2017,8,14,13,2017년 8월 14일 월요일,58,주간,월,1,1,0,0,0,서울,강서구,차대차,1,정면충돌,정면충돌,정면충돌,운전자법규위반,"""안전운전 의무 불이행""","""안전운전 의무 불이행""",단일로,기타단일로,이륜차,이륜차,승용차,승용차,126.8419636,37.55439939,126.8419654,37.55439772
241,2017,3,13,4,2017년 3월 13일 월요일,47,야간,월,2,2,0,0,0,서울,영등포구,차대차,1,추돌,추돌,추돌,운전자법규위반,"""안전운전 의무 불이행""","""안전운전 의무 불이행""",단일로,기타단일로,승용차,승용차,화물차,화물차,126.9064652,37.53547046,126.9064644,37.53547318
250,2017,3,15,14,2017년 3월 15일 수요일,50,주간,수,1,1,0,0,0,서울,도봉구,차대차,1,추돌,추돌,추돌,운전자법규위반,"""안전운전 의무 불이행""","""안전운전 의무 불이행""",교차로,교차로부근,이륜차,이륜차,승합차,승합차,127.0155561,37.6576137,127.0155558,37.65761097
270,2017,3,20,21,2017년 3월 20일 월요일,7,야간,월,1,1,0,0,0,서울,강남구,차대차,1,추돌,추돌,추돌,운전자법규위반,"""안전운전 의무 불이행""","""안전운전 의무 불이행""",단일로,기타단일로,화물차,화물차,자전거,자전거,127.0936418,37.49187097,127.0936374,37.49187219
271,2017,3,21,3,2017년 3월 21일 화요일,55,야간,화,1,2,0,1,0,서울,강동구,차대차,1,추돌,추돌,추돌,운전자법규위반,"""안전운전 의무 불이행""","""안전운전 의무 불이행""",단일로,교량위,승용차,승용차,화물차,화물차,127.1123713,37.54286969,127.1123673,37.54286693
407,2017,5,13,19,2017년 5월 13일 토요일,40,야간,토,1,1,0,0,0,서울,구로구,차대차,1,추돌,추돌,추돌,운전자법규위반,"""안전운전 의무 불이행""","""안전운전 의무 불이행""",단일로,기타단일로,승용차,승용차,화물차,화물차,126.8399233,37.47501522,126.8399262,37.47501354
444,2017,5,24,23,2017년 5월 24일 수요일,25,야간,수,1,1,0,0,0,서울,송파구,차대차,1,추돌,추돌,추돌,운전자법규위반,"""안전운전 의무 불이행""","""안전운전 의무 불이행""",단일로,기타단일로,이륜차,이륜차,화물차,화물차,127.1460155,37.49704208,127.1460182,37.49703951
525,2017,6,21,21,2017년 6월 21일 수요일,55,야간,수,1,1,0,0,0,서울,중구,차대차,1,추돌,추돌,추돌,운전자법규위반,"""안전운전 의무 불이행""","""안전운전 의무 불이행""",단일로,기타단일로,이륜차,이륜차,화물차,화물차,127.0132241,37.56494621,127.0132202,37.56494409
590,2017,7,9,14,2017년 7월 9일 일요일,40,주간,일,2,16,4,9,1,서울,서초구,차대차,1,추돌,추돌,추돌,운전자법규위반,"""안전운전 의무 불이행""","""안전운전 의무 불이행""",단일로,기타단일로,승합차,승합차,승용차,승용차,127.0474904,37.45567212,127.047491,37.45566952
645,2017,7,22,12,2017년 7월 22일 토요일,10,주간,토,1,4,1,2,0,서울,도봉구,차대차,1,추돌,추돌,추돌,운전자법규위반,"""안전운전 의무 불이행""","""안전운전 의무 불이행""",단일로,기타단일로,승용차,승용차,승용차,승용차,127.0248193,37.65216224,127.0248175,37.65216317
694,2017,8,6,23,2017년 8월 6일 일요일,15,야간,일,1,1,0,0,0,서울,강서구,차대차,1,추돌,추돌,추돌,운전자법규위반,"""안전운전 의무 불이행""","""안전운전 의무 불이행""",단일로,기타단일로,승용차,승용차,자전거,자전거,126.8156368,37.54867943,126.8156358,37.54867884
710,2017,8,13,2,2017년 8월 13일 일요일,2,야간,일,1,2,0,1,0,서울,동대문구,차대차,1,추돌,추돌,추돌,운전자법규위반,"""안전운전 의무 불이행""","""안전운전 의무 불이행""",단일로,교량위,승용차,승용차,건설기계,건설기계,127.0406544,37.59538645,127.0406548,37.5953856
796,2017,9,6,15,2017년 9월 6일 수요일,4,주간,수,1,4,0,3,0,서울,강남구,차대차,1,추돌,추돌,추돌,운전자법규위반,"""안전운전 의무 불이행""","""안전운전 의무 불이행""",단일로,기타단일로,화물차,화물차,화물차,화물차,127.1114178,37.48225915,127.1114151,37.48225645
872,2017,9,26,1,2017년 9월 26일 화요일,15,야간,화,1,1,0,0,0,서울,강서구,차대차,1,추돌,추돌,추돌,운전자법규위반,"""안전운전 의무 불이행""","""안전운전 의무 불이행""",단일로,기타단일로,승용차,승용차,화물차,화물차,126.8519851,37.56985876,126.8519816,37.56985715
875,2017,9,26,15,2017년 9월 26일 화요일,45,주간,화,2,3,0,1,0,서울,서초구,차대차,1,추돌,추돌,추돌,운전자법규위반,"""안전운전 의무 불이행""","""안전운전 의무 불이행""",단일로,기타단일로,승용차,승용차,승용차,승용차,127.0508366,37.45217316,127.0508327,37.45217522
965,2017,10,20,18,2017년 10월 20일 금요일,17,야간,금,1,2,0,1,0,서울,노원구,차대차,1,추돌,추돌,추돌,운전자법규위반,"""안전운전 의무 불이행""","""안전운전 의무 불이행""",단일로,기타단일로,이륜차,이륜차,승용차,승용차,127.0567561,37.66897929,127.0567526,37.66898177
1010,2017,11,3,18,2017년 11월 3일 금요일,53,야간,금,1,1,0,0,0,서울,종로구,차대차,1,추돌,추돌,추돌,운전자법규위반,"""안전운전 의무 불이행""","""안전운전 의무 불이행""",교차로,교차로내,승용차,승용차,기타,기타,126.9921705,37.57049996,126.9921727,37.57049796
1187,2017,12,27,14,2017년 12월 27일 수요일,58,주간,수,1,6,1,4,0,서울,종로구,차대차,1,추돌,추돌,추돌,운전자법규위반,"""안전운전 의무 불이행""","""안전운전 의무 불이행""",단일로,기타단일로,승용차,승용차,자전거,자전거,127.0109723,37.57164293,127.0109744,37.57164429
42,2017,1,10,22,2017년 1월 10일 화요일,0,야간,화,1,2,0,1,0,서울,양천구,차대차,1,측면충돌,측면충돌,측면충돌,운전자법규위반,"""안전운전 의무 불이행""","""안전운전 의무 불이행""",단일로,기타단일로,이륜차,이륜차,승합차,승합차,126.8833993,37.53665923,126.8833957,37.53666278
104,2017,1,25,23,2017년 1월 25일 수요일,54,야간,수,1,5,0,4,0,서울,송파구,차대차,1,측면충돌,측면충돌,측면충돌,운전자법규위반,"""안전운전 의무 불이행""","""안전운전 의무 불이행""",단일로,기타단일로,승용차,승용차,승용차,승용차,127.1465082,37.50772469,127.1465123,37.50772227
191,2017,2,24,20,2017년 2월 24일 금요일,23,야간,금,1,4,1,1,1,서울,송파구,차대차,1,측면충돌,측면충돌,측면충돌,운전자법규위반,"""안전운전 의무 불이행""","""안전운전 의무 불이행""",단일로,기타단일로,승용차,승용차,승용차,승용차,127.1287793,37.47504547,127.1287795,37.47504205
226,2017,3,7,9,2017년 3월 7일 화요일,0,주간,화,1,1,0,0,0,서울,동대문구,차대차,1,측면충돌,측면충돌,측면충돌,운전자법규위반,"""안전운전 의무 불이행""","""안전운전 의무 불이행""",교차로,교차로부근,자전거,자전거,건설기계,건설기계,127.0650031,37.59449623,127.0649991,37.59449588
352,2017,4,24,5,2017년 4월 24일 월요일,30,야간,월,1,1,0,0,0,서울,강동구,차대차,1,측면충돌,측면충돌,측면충돌,운전자법규위반,"""안전운전 의무 불이행""","""안전운전 의무 불이행""",교차로,교차로횡단보도내,자전거,자전거,승용차,승용차,127.1385521,37.53392114,127.1385532,37.53392025
520,2017,6,20,8,2017년 6월 20일 화요일,40,주간,화,1,2,1,0,0,서울,송파구,차대차,1,측면충돌,측면충돌,측면충돌,운전자법규위반,"""안전운전 의무 불이행""","""안전운전 의무 불이행""",교차로,교차로횡단보도내,승합차,승합차,자전거,자전거,127.1131819,37.49769627,127.1131848,37.4976952
546,2017,6,28,23,2017년 6월 28일 수요일,20,야간,수,1,2,0,1,0,서울,서대문구,차대차,1,측면충돌,측면충돌,측면충돌,운전자법규위반,"""안전운전 의무 불이행""","""안전운전 의무 불이행""",단일로,기타단일로,이륜차,이륜차,이륜차,이륜차,126.9230741,37.5774924,126.9230743,37.57748955
612,2017,7,13,15,2017년 7월 13일 목요일,15,주간,목,1,1,0,0,0,서울,성동구,차대차,1,측면충돌,측면충돌,측면충돌,운전자법규위반,"""안전운전 의무 불이행""","""안전운전 의무 불이행""",교차로,교차로내,자전거,자전거,승용차,승용차,127.0618852,37.54276527,127.061882,37.54276721
617,2017,7,14,12,2017년 7월 14일 금요일,10,주간,금,1,1,0,0,0,서울,은평구,차대차,1,측면충돌,측면충돌,측면충돌,운전자법규위반,"""안전운전 의무 불이행""","""안전운전 의무 불이행""",교차로,교차로부근,이륜차,이륜차,건설기계,건설기계,126.8890992,37.58578506,126.8891,37.5857832
634,2017,7,20,0,2017년 7월 20일 목요일,35,야간,목,1,1,0,0,0,서울,도봉구,차대차,1,측면충돌,측면충돌,측면충돌,운전자법규위반,"""안전운전 의무 불이행""","""안전운전 의무 불이행""",교차로,교차로부근,승용차,승용차,자전거,자전거,127.0398494,37.67086143,127.0398463,37.67085896
745,2017,8,23,16,2017년 8월 23일 수요일,50,주간,수,1,1,0,0,0,서울,성동구,차대차,1,측면충돌,측면충돌,측면충돌,운전자법규위반,"""안전운전 의무 불이행""","""안전운전 의무 불이행""",교차로,교차로내,승용차,승용차,이륜차,이륜차,127.0449804,37.54532428,127.0449847,37.54532423
838,2017,9,18,18,2017년 9월 18일 월요일,23,야간,월,1,2,1,0,0,서울,동대문구,차대차,1,측면충돌,측면충돌,측면충돌,운전자법규위반,"""안전운전 의무 불이행""","""안전운전 의무 불이행""",교차로,교차로부근,이륜차,이륜차,승용차,승용차,127.0498871,37.58402,127.0498895,37.58401777
908,2017,10,4,2,2017년 10월 4일 수요일,20,야간,수,1,1,0,0,0,서울,강북구,차대차,1,측면충돌,측면충돌,측면충돌,운전자법규위반,"""안전운전 의무 불이행""","""안전운전 의무 불이행""",단일로,기타단일로,승용차,승용차,승용차,승용차,127.0129107,37.62346918,127.0129148,37.62346675
925,2017,10,11,5,2017년 10월 11일 수요일,20,야간,수,1,1,0,0,0,서울,양천구,차대차,1,측면충돌,측면충돌,측면충돌,운전자법규위반,"""안전운전 의무 불이행""","""안전운전 의무 불이행""",교차로,교차로부근,승용차,승용차,자전거,자전거,126.8365304,37.52233518,126.8365306,37.52233642
996,2017,10,30,16,2017년 10월 30일 월요일,23,주간,월,1,1,0,0,0,서울,강남구,차대차,1,측면충돌,측면충돌,측면충돌,운전자법규위반,"""안전운전 의무 불이행""","""안전운전 의무 불이행""",단일로,기타단일로,승용차,승용차,승용차,승용차,127.0585619,37.51699217,127.0585582,37.51699272
1140,2017,12,12,19,2017년 12월 12일 화요일,10,야간,화,1,1,0,0,0,서울,동대문구,차대차,1,측면충돌,측면충돌,측면충돌,운전자법규위반,"""안전운전 의무 불이행""","""안전운전 의무 불이행""",교차로,교차로부근,이륜차,이륜차,화물차,화물차,127.0231226,37.57528,127.0231197,37.5752825
1145,2017,12,14,14,2017년 12월 14일 목요일,40,주간,목,1,1,0,0,0,서울,동작구,차대차,1,측면충돌,측면충돌,측면충돌,운전자법규위반,"""안전운전 의무 불이행""","""안전운전 의무 불이행""",교차로,교차로횡단보도내,자전거,자전거,승합차,승합차,126.9389548,37.50458671,126.9389565,37.50458673
256,2017,3,17,14,2017년 3월 17일 금요일,25,주간,금,1,1,0,0,0,서울,종로구,차대차,1,기타,기타,기타,운전자법규위반,"""앞지르기 방법위반""","""앞지르기 방법위반""",단일로,기타단일로,승용차,승용차,이륜차,이륜차,126.9776201,37.61088875,126.97762,37.61088634
202,2017,2,28,23,2017년 2월 28일 화요일,20,야간,화,1,2,1,0,0,서울,강동구,차대차,1,기타,기타,기타,운전자법규위반,"""중앙선 침범""","""중앙선 침범""",교차로,교차로부근,원동기장치자전거,원동기장치자전거,승합차,승합차,127.1381002,37.53375751,127.138104,37.53375641
46,2017,1,12,8,2017년 1월 12일 목요일,50,주간,목,1,1,0,0,0,서울,송파구,차대차,1,정면충돌,정면충돌,정면충돌,운전자법규위반,"""중앙선 침범""","""중앙선 침범""",단일로,기타단일로,자전거,자전거,승합차,승합차,127.141916,37.50030167,127.1419129,37.50030365
159,2017,2,13,5,2017년 2월 13일 월요일,45,야간,월,1,2,0,1,0,서울,동대문구,차대차,1,정면충돌,정면충돌,정면충돌,운전자법규위반,"""중앙선 침범""","""중앙선 침범""",단일로,기타단일로,화물차,화물차,승합차,승합차,127.0544618,37.58799426,127.0544619,37.58799706
442,2017,5,24,2,2017년 5월 24일 수요일,50,야간,수,1,1,0,0,0,서울,은평구,차대차,1,정면충돌,정면충돌,정면충돌,운전자법규위반,"""중앙선 침범""","""중앙선 침범""",교차로,교차로부근,승용차,승용차,이륜차,이륜차,126.9230993,37.60064798,126.9231012,37.6006454
517,2017,6,18,4,2017년 6월 18일 일요일,30,야간,일,1,3,2,0,0,서울,영등포구,차대차,1,정면충돌,정면충돌,정면충돌,운전자법규위반,"""중앙선 침범""","""중앙선 침범""",단일로,기타단일로,승용차,승용차,승용차,승용차,126.9062071,37.53234148,126.9062039,37.5323388
543,2017,6,28,20,2017년 6월 28일 수요일,31,야간,수,1,2,0,1,0,서울,동작구,차대차,1,정면충돌,정면충돌,정면충돌,운전자법규위반,"""중앙선 침범""","""중앙선 침범""",단일로,고가도로위,이륜차,이륜차,승용차,승용차,126.9797307,37.47669603,126.979731,37.47669601
82,2017,1,20,11,2017년 1월 20일 금요일,20,주간,금,1,2,1,0,0,서울,광진구,차대차,1,측면충돌,측면충돌,측면충돌,운전자법규위반,"""중앙선 침범""","""중앙선 침범""",단일로,기타단일로,승용차,승용차,이륜차,이륜차,127.0712547,37.55125436,127.0712514,37.55125702
303,2017,4,6,3,2017년 4월 6일 목요일,10,야간,목,2,2,0,0,0,서울,광진구,차대차,1,측면충돌,측면충돌,측면충돌,운전자법규위반,"""중앙선 침범""","""중앙선 침범""",단일로,기타단일로,원동기장치자전거,원동기장치자전거,승용차,승용차,127.0799576,37.56995262,127.0799561,37.56994971
310,2017,4,7,21,2017년 4월 7일 금요일,0,야간,금,1,2,1,0,0,서울,도봉구,차대차,1,측면충돌,측면충돌,측면충돌,운전자법규위반,"""중앙선 침범""","""중앙선 침범""",단일로,기타단일로,원동기장치자전거,원동기장치자전거,승용차,승용차,127.0398531,37.66292069,127.0398553,37.66292325
556,2017,6,30,17,2017년 6월 30일 금요일,2,주간,금,1,2,1,0,0,서울,영등포구,차대차,1,측면충돌,측면충돌,측면충돌,운전자법규위반,"""중앙선 침범""","""중앙선 침범""",단일로,교량위,이륜차,이륜차,화물차,화물차,126.9067859,37.51499339,126.9067878,37.51499051
681,2017,8,2,6,2017년 8월 2일 수요일,40,주간,수,1,1,0,0,0,서울,성동구,차대차,1,측면충돌,측면충돌,측면충돌,운전자법규위반,"""중앙선 침범""","""중앙선 침범""",단일로,기타단일로,자전거,자전거,승용차,승용차,127.0640393,37.54803715,127.0640379,37.54803784
1026,2017,11,8,4,2017년 11월 8일 수요일,15,야간,수,1,1,0,0,0,서울,성북구,차대차,1,측면충돌,측면충돌,측면충돌,운전자법규위반,"""중앙선 침범""","""중앙선 침범""",교차로,교차로횡단보도내,자전거,자전거,화물차,화물차,127.0602626,37.61274891,127.060265,37.61275076
1174,2017,12,22,19,2017년 12월 22일 금요일,19,야간,금,1,1,0,0,0,서울,성동구,차대차,1,측면충돌,측면충돌,측면충돌,운전자법규위반,"""중앙선 침범""","""중앙선 침범""",단일로,기타단일로,이륜차,이륜차,승용차,승용차,127.0342625,37.55587337,127.0342588,37.55587188
268,2017,3,20,15,2017년 3월 20일 월요일,25,주간,월,1,1,0,0,0,서울,서초구,차대차,1,추돌,추돌,추돌,운전자법규위반,"""차로위반(진로변경 위반)""","""차로위반(진로변경 위반)""",교차로,교차로부근,승용차,승용차,이륜차,이륜차,127.0406458,37.46760141,127.0406458,37.4675988
278,2017,3,23,8,2017년 3월 23일 목요일,35,주간,목,1,2,0,1,0,서울,광진구,차대차,1,측면충돌,측면충돌,측면충돌,운전자법규위반,"""차로위반(진로변경 위반)""","""차로위반(진로변경 위반)""",단일로,기타단일로,자전거,자전거,승합차,승합차,127.0882555,37.55601992,127.0882565,37.55602143
780,2017,9,2,4,2017년 9월 2일 토요일,28,야간,토,1,1,0,0,0,서울,용산구,차량단독,2,공작물충돌,공작물충돌,공작물충돌,운전자법규위반,"""과속""","""과속""",단일로,고가도로위,승용차,승용차,없음,없음,126.9881445,37.5449023,126.9881483,37.544904
174,2017,2,19,2,2017년 2월 19일 일요일,22,야간,일,1,1,0,0,0,서울,성북구,차량단독,2,전도,전도,전도,운전자법규위반,"""과속""","""과속""",단일로,고가도로위,승용차,승용차,없음,없음,127.0631886,37.61422896,127.0631845,37.61423089
7,2017,1,2,17,2017년 1월 2일 월요일,13,주간,월,1,1,0,0,0,서울,광진구,차량단독,2,공작물충돌,공작물충돌,공작물충돌,운전자법규위반,"""안전운전 의무 불이행""","""안전운전 의무 불이행""",단일로,기타단일로,승용차,승용차,없음,없음,127.0949431,37.55460089,127.09494,37.55460425
87,2017,1,21,2,2017년 1월 21일 토요일,40,야간,토,1,1,0,0,0,서울,성동구,차량단독,2,공작물충돌,공작물충돌,공작물충돌,운전자법규위반,"""안전운전 의무 불이행""","""안전운전 의무 불이행""",단일로,지하차도(도로)내,승용차,승용차,없음,없음,127.0533459,37.55104375,127.053348,37.55104336
120,2017,2,2,15,2017년 2월 2일 목요일,37,주간,목,1,1,0,0,0,서울,양천구,차량단독,2,공작물충돌,공작물충돌,공작물충돌,운전자법규위반,"""안전운전 의무 불이행""","""안전운전 의무 불이행""",단일로,기타단일로,승용차,승용차,없음,없음,126.8736338,37.52144716,126.873631,37.52144583
213,2017,3,5,6,2017년 3월 5일 일요일,52,주간,일,1,1,0,0,0,서울,강서구,차량단독,2,공작물충돌,공작물충돌,공작물충돌,운전자법규위반,"""안전운전 의무 불이행""","""안전운전 의무 불이행""",단일로,기타단일로,승용차,승용차,없음,없음,126.842486,37.52714563,126.8424864,37.52714542
276,2017,3,22,12,2017년 3월 22일 수요일,35,주간,수,1,1,0,0,0,서울,금천구,차량단독,2,공작물충돌,공작물충돌,공작물충돌,운전자법규위반,"""안전운전 의무 불이행""","""안전운전 의무 불이행""",단일로,기타단일로,이륜차,이륜차,없음,없음,126.8966972,37.45109022,126.8966998,37.45109125
370,2017,4,30,0,2017년 4월 30일 일요일,53,야간,일,1,2,1,0,0,서울,영등포구,차량단독,2,공작물충돌,공작물충돌,공작물충돌,운전자법규위반,"""안전운전 의무 불이행""","""안전운전 의무 불이행""",교차로,교차로내,승합차,승합차,없음,없음,126.8819889,37.52103148,126.8819853,37.52103259
903,2017,10,2,4,2017년 10월 2일 월요일,28,야간,월,1,1,0,0,0,서울,동대문구,차량단독,2,공작물충돌,공작물충돌,공작물충돌,운전자법규위반,"""안전운전 의무 불이행""","""안전운전 의무 불이행""",교차로,교차로내,이륜차,이륜차,없음,없음,127.0684474,37.57278641,127.0684487,37.57278347
1025,2017,11,8,4,2017년 11월 8일 수요일,50,야간,수,1,1,0,0,0,서울,용산구,차량단독,2,공작물충돌,공작물충돌,공작물충돌,운전자법규위반,"""안전운전 의무 불이행""","""안전운전 의무 불이행""",단일로,기타단일로,승용차,승용차,없음,없음,126.9534638,37.52570134,126.9534643,37.52569919
1044,2017,11,14,8,2017년 11월 14일 화요일,5,주간,화,2,2,0,0,0,서울,성동구,차량단독,2,공작물충돌,공작물충돌,공작물충돌,운전자법규위반,"""안전운전 의무 불이행""","""안전운전 의무 불이행""",단일로,기타단일로,원동기장치자전거,원동기장치자전거,없음,없음,127.0599772,37.54383079,127.0599775,37.54382849
1092,2017,11,27,3,2017년 11월 27일 월요일,48,야간,월,1,2,1,0,0,서울,종로구,차량단독,2,공작물충돌,공작물충돌,공작물충돌,운전자법규위반,"""안전운전 의무 불이행""","""안전운전 의무 불이행""",단일로,기타단일로,승용차,승용차,없음,없음,126.9879846,37.57323099,126.9879866,37.57323202
1183,2017,12,27,5,2017년 12월 27일 수요일,20,야간,수,1,1,0,0,0,서울,동대문구,차량단독,2,공작물충돌,공작물충돌,공작물충돌,운전자법규위반,"""안전운전 의무 불이행""","""안전운전 의무 불이행""",단일로,기타단일로,승용차,승용차,없음,없음,127.0277617,37.58130162,127.027764,37.58129834
130,2017,2,3,23,2017년 2월 3일 금요일,40,야간,금,1,1,0,0,0,서울,서초구,차량단독,2,기타,기타,기타,운전자법규위반,"""안전운전 의무 불이행""","""안전운전 의무 불이행""",기타,기타,승용차,승용차,없음,없음,126.9988172,37.50970516,126.9988202,37.50970329
547,2017,6,29,0,2017년 6월 29일 목요일,20,야간,목,1,1,0,0,0,서울,광진구,차량단독,2,기타,기타,기타,운전자법규위반,"""안전운전 의무 불이행""","""안전운전 의무 불이행""",단일로,기타단일로,원동기장치자전거,원동기장치자전거,없음,없음,127.1025635,37.5459107,127.1025667,37.54590827
756,2017,8,26,7,2017년 8월 26일 토요일,14,주간,토,1,1,0,0,0,서울,동대문구,차량단독,2,기타,기타,기타,운전자법규위반,"""안전운전 의무 불이행""","""안전운전 의무 불이행""",단일로,기타단일로,이륜차,이륜차,없음,없음,127.0320089,37.57043928,127.032013,37.570441
832,2017,9,16,18,2017년 9월 16일 토요일,15,야간,토,1,1,0,0,0,서울,영등포구,차량단독,2,기타,기타,기타,운전자법규위반,"""안전운전 의무 불이행""","""안전운전 의무 불이행""",단일로,기타단일로,자전거,자전거,없음,없음,126.8829579,37.55176348,126.8829555,37.55176267
850,2017,9,22,9,2017년 9월 22일 금요일,50,주간,금,1,1,0,0,0,서울,성동구,차량단독,2,기타,기타,기타,운전자법규위반,"""안전운전 의무 불이행""","""안전운전 의무 불이행""",단일로,기타단일로,화물차,화물차,없음,없음,127.0606968,37.54466271,127.0606962,37.54466183
917,2017,10,9,4,2017년 10월 9일 월요일,33,야간,월,1,1,0,0,0,서울,도봉구,차량단독,2,기타,기타,기타,운전자법규위반,"""안전운전 의무 불이행""","""안전운전 의무 불이행""",단일로,기타단일로,이륜차,이륜차,없음,없음,127.0509524,37.68560495,127.0509495,37.68560462
1018,2017,11,6,3,2017년 11월 6일 월요일,5,야간,월,1,1,0,0,0,서울,동대문구,차량단독,2,기타,기타,기타,운전자법규위반,"""안전운전 의무 불이행""","""안전운전 의무 불이행""",단일로,기타단일로,이륜차,이륜차,없음,없음,127.0367307,37.58877327,127.0367291,37.58877296
410,2017,5,15,3,2017년 5월 15일 월요일,30,야간,월,1,2,0,0,1,서울,동작구,차량단독,2,도로이탈,도로이탈 기타,도로이탈 기타,운전자법규위반,"""안전운전 의무 불이행""","""안전운전 의무 불이행""",단일로,기타단일로,승용차,승용차,없음,없음,126.9136976,37.49645101,126.9136959,37.49644796
124,2017,2,3,0,2017년 2월 3일 금요일,42,야간,금,1,1,0,0,0,서울,양천구,차량단독,2,전도,전도,전도,운전자법규위반,"""안전운전 의무 불이행""","""안전운전 의무 불이행""",단일로,기타단일로,이륜차,이륜차,없음,없음,126.872081,37.5311915,126.8720769,37.53119187
135,2017,2,5,1,2017년 2월 5일 일요일,30,야간,일,1,2,1,0,0,서울,노원구,차량단독,2,전도,전도,전도,운전자법규위반,"""안전운전 의무 불이행""","""안전운전 의무 불이행""",단일로,기타단일로,승용차,승용차,없음,없음,127.050192,37.67442554,127.0501949,37.67442834
137,2017,2,5,20,2017년 2월 5일 일요일,40,야간,일,1,1,0,0,0,서울,종로구,차량단독,2,전도,전도,전도,운전자법규위반,"""안전운전 의무 불이행""","""안전운전 의무 불이행""",교차로,교차로내,이륜차,이륜차,없음,없음,127.0011961,37.58573513,127.0011918,37.58573337
307,2017,4,7,14,2017년 4월 7일 금요일,40,주간,금,1,1,0,0,0,서울,동작구,차량단독,2,전도,전도,전도,운전자법규위반,"""안전운전 의무 불이행""","""안전운전 의무 불이행""",기타,기타,원동기장치자전거,원동기장치자전거,없음,없음,126.9731322,37.50492437,126.9731284,37.50492167
357,2017,4,25,16,2017년 4월 25일 화요일,43,주간,화,1,1,0,0,0,서울,서초구,차량단독,2,전도,전도,전도,운전자법규위반,"""안전운전 의무 불이행""","""안전운전 의무 불이행""",단일로,기타단일로,승용차,승용차,없음,없음,127.0130629,37.4782983,127.0130585,37.47830002
369,2017,4,29,18,2017년 4월 29일 토요일,45,야간,토,1,1,0,0,0,서울,강남구,차량단독,2,전도,전도,전도,운전자법규위반,"""안전운전 의무 불이행""","""안전운전 의무 불이행""",단일로,터널안,이륜차,이륜차,없음,없음,127.0763454,37.48387823,127.0763448,37.48388173
378,2017,5,3,0,2017년 5월 3일 수요일,50,야간,수,1,1,0,0,0,서울,용산구,차량단독,2,전도,전도,전도,운전자법규위반,"""안전운전 의무 불이행""","""안전운전 의무 불이행""",단일로,기타단일로,이륜차,이륜차,없음,없음,126.9826121,37.51986567,126.9826146,37.51986411
386,2017,5,6,4,2017년 5월 6일 토요일,30,야간,토,1,1,0,0,0,서울,성북구,차량단독,2,전도,전도,전도,운전자법규위반,"""안전운전 의무 불이행""","""안전운전 의무 불이행""",단일로,기타단일로,이륜차,이륜차,없음,없음,127.0123959,37.59124408,127.0123938,37.59124299
435,2017,5,21,20,2017년 5월 21일 일요일,33,야간,일,1,1,0,0,0,서울,성북구,차량단독,2,전도,전도,전도,운전자법규위반,"""안전운전 의무 불이행""","""안전운전 의무 불이행""",단일로,기타단일로,이륜차,이륜차,없음,없음,127.027208,37.60438284,127.027207,37.60438183
447,2017,5,26,22,2017년 5월 26일 금요일,50,야간,금,1,2,1,0,0,서울,중랑구,차량단독,2,전도,전도,전도,운전자법규위반,"""안전운전 의무 불이행""","""안전운전 의무 불이행""",단일로,기타단일로,원동기장치자전거,원동기장치자전거,없음,없음,127.1035604,37.61839149,127.1035638,37.61839357
5,2017,1,2,8,2017년 1월 2일 월요일,40,주간,월,1,1,0,0,0,서울,영등포구,차량단독,2,전도전복,전도전복,전도전복,운전자법규위반,"""안전운전 의무 불이행""","""안전운전 의무 불이행""",교차로,교차로내,이륜차,이륜차,없음,없음,126.8977393,37.48749238,126.8977418,37.48749572
21,2017,1,5,10,2017년 1월 5일 목요일,20,주간,목,1,1,0,0,0,서울,광진구,차량단독,2,전도전복,전도전복,전도전복,운전자법규위반,"""안전운전 의무 불이행""","""안전운전 의무 불이행""",단일로,기타단일로,이륜차,이륜차,없음,없음,127.0651741,37.54170482,127.0651698,37.54170591
172,2017,2,18,1,2017년 2월 18일 토요일,23,야간,토,1,1,0,0,0,서울,성동구,차량단독,2,전도전복,전도전복,전도전복,운전자법규위반,"""안전운전 의무 불이행""","""안전운전 의무 불이행""",단일로,기타단일로,이륜차,이륜차,없음,없음,127.0351954,37.5715425,127.035193,37.57154461
691,2017,8,6,4,2017년 8월 6일 일요일,0,야간,일,1,1,0,0,0,서울,노원구,차량단독,2,전도전복,전도전복,전도전복,운전자법규위반,"""안전운전 의무 불이행""","""안전운전 의무 불이행""",단일로,터널안,이륜차,이륜차,없음,없음,127.1017362,37.67779256,127.1017402,37.67779135
289,2017,3,30,2,2017년 3월 30일 목요일,10,야간,목,1,1,0,0,0,서울,송파구,차량단독,2,주/정차차량 충돌,주/정차차량 충돌,주/정차차량 충돌,운전자법규위반,"""안전운전 의무 불이행""","""안전운전 의무 불이행""",교차로,교차로부근,승용차,승용차,승용차,승용차,127.1267885,37.49602745,127.1267852,37.49602746
